[
  {
    "value": "@burger-adj @basic-burger with @ingredient-amount @burger-ingredient",
    "synonyms": [
      "@burger-adj @basic-burger with @ingredient-amount @burger-ingredient"
    ]
  },
  {
    "value": "@burger-adj @basic-burger with @burger-ingredient",
    "synonyms": [
      "@burger-adj @basic-burger with @burger-ingredient"
    ]
  },
  {
    "value": "@basic-burger with @ingredient-amount @burger-ingredient",
    "synonyms": [
      "@basic-burger with @ingredient-amount @burger-ingredient"
    ]
  },
  {
    "value": "@basic-burger with @burger-ingredient",
    "synonyms": [
      "@basic-burger with @burger-ingredient"
    ]
  },
  {
    "value": "@burger-adj @basic-burger",
    "synonyms": [
      "@burger-adj @basic-burger"
    ]
  },
  {
    "value": "@basic-burger @burger-adj",
    "synonyms": [
      "@basic-burger @burger-adj"
    ]
  },
  {
    "value": "@basic-burger",
    "synonyms": [
      "@basic-burger"
    ]
  },
  {
    "value": "@basic-burger @ingredient-amount @burger-ingredient",
    "synonyms": [
      "@basic-burger @ingredient-amount @burger-ingredient"
    ]
  },
  {
    "value": "@basic-burger @burger-adj with @ingredient-amount @burger-ingredient",
    "synonyms": [
      "@basic-burger @burger-adj with @ingredient-amount @burger-ingredient"
    ]
  },
  {
    "value": "@basic-burger @burger-adj with @burger-ingredient",
    "synonyms": [
      "@basic-burger @burger-adj with @burger-ingredient"
    ]
  }
]