[
  {
    "value": "cheese",
    "synonyms": [
      "cheese",
      "cheese slice"
    ]
  },
  {
    "value": "onion",
    "synonyms": [
      "onion"
    ]
  },
  {
    "value": "veggie",
    "synonyms": [
      "veggie",
      "vegetable"
    ]
  },
  {
    "value": "pickle",
    "synonyms": [
      "pickle"
    ]
  },
  {
    "value": "mustard",
    "synonyms": [
      "mustard"
    ]
  },
  {
    "value": "ketchup",
    "synonyms": [
      "ketchup"
    ]
  },
  {
    "value": "salt",
    "synonyms": [
      "salt"
    ]
  },
  {
    "value": "buns",
    "synonyms": [
      "bun",
      "bread",
      "buns"
    ]
  },
  {
    "value": "meat",
    "synonyms": [
      "meat",
      "beef",
      "patty",
      "beef patty"
    ]
  },
  {
    "value": "spread",
    "synonyms": [
      "spread"
    ]
  },
  {
    "value": "tomato",
    "synonyms": [
      "tomato"
    ]
  },
  {
    "value": "lettuce",
    "synonyms": [
      "lettuce"
    ]
  }
]