[
  {
    "value": "hamburger combo",
    "synonyms": [
      "hamburger combo",
      "combo #3",
      "combo # 3",
      "combo number 3",
      "combo 3",
      "third combo",
      "3rd combo"
    ]
  },
  {
    "value": "cheeseburger combo",
    "synonyms": [
      "cheeseburger combo",
      "combo #2",
      "combo # 2",
      "combo number 2",
      "combo 2",
      "second combo",
      "2nd combo"
    ]
  },
  {
    "value": "MCS combo",
    "synonyms": [
      "combo #1",
      "combo # 1",
      "combo number 1",
      "combo 1",
      "first combo",
      "1st combo",
      "MCS combo",
      "MCS burger combo"
    ]
  }
]