[
  {
    "value": "McDonald",
    "synonyms": [
      "McDonald",
      "Big Mac"
    ]
  },
  {
    "value": "Jack in the Box",
    "synonyms": [
      "Jack in the Box"
    ]
  },
  {
    "value": "KFC",
    "synonyms": [
      "KFC"
    ]
  },
  {
    "value": "Wendy\u0027s",
    "synonyms": [
      "Wendy\u0027s"
    ]
  },
  {
    "value": "Burger King",
    "synonyms": [
      "Burger King"
    ]
  },
  {
    "value": "Cheesecake Factory",
    "synonyms": [
      "Cheesecake Factory"
    ]
  },
  {
    "value": "Papa John\u0027s",
    "synonyms": [
      "Papa John\u0027s"
    ]
  },
  {
    "value": "Carl\u0027s Junior",
    "synonyms": [
      "Carl\u0027s Junior"
    ]
  },
  {
    "value": "Friday\u0027s",
    "synonyms": [
      "Friday\u0027s"
    ]
  }
]