[
  {
    "value": "small",
    "synonyms": [
      "small",
      "sm",
      "little",
      "short"
    ]
  },
  {
    "value": "medium",
    "synonyms": [
      "medium",
      "med",
      "general",
      "normal",
      "as usual"
    ]
  },
  {
    "value": "large",
    "synonyms": [
      "large",
      "lg",
      "big",
      "huge",
      "tall"
    ]
  },
  {
    "value": "extra large",
    "synonyms": [
      "extra large",
      "x-lg",
      "extra big",
      "extra huge",
      "extra tall"
    ]
  }
]