[
  {
    "value": "@shake-option shake",
    "synonyms": [
      "@shake-option shake"
    ]
  },
  {
    "value": "milk",
    "synonyms": [
      "milk"
    ]
  },
  {
    "value": "coffee",
    "synonyms": [
      "coffee"
    ]
  },
  {
    "value": "@normal-drink",
    "synonyms": [
      "@normal-drink"
    ]
  },
  {
    "value": "@drink-option @normal-drink",
    "synonyms": [
      "@drink-option @normal-drink"
    ]
  },
  {
    "value": "shake",
    "synonyms": [
      "shake"
    ]
  },
  {
    "value": "cocoa",
    "synonyms": [
      "cocoa"
    ]
  },
  {
    "value": "water",
    "synonyms": [
      "water"
    ]
  },
  {
    "value": "@normal-drink @drink-option",
    "synonyms": [
      "@normal-drink @drink-option"
    ]
  },
  {
    "value": "drink",
    "synonyms": [
      "drink"
    ]
  }
]