[
  {
    "value": "more",
    "synonyms": [
      "extra",
      "more",
      "many",
      "much",
      "additional"
    ]
  },
  {
    "value": "no",
    "synonyms": [
      "without",
      "0",
      "no",
      "zero",
      "don\u0027t want",
      "don\u0027t like"
    ]
  },
  {
    "value": "cold",
    "synonyms": [
      "cold"
    ]
  },
  {
    "value": "chopped",
    "synonyms": [
      "chopped"
    ]
  },
  {
    "value": "grilled",
    "synonyms": [
      "grilled"
    ]
  },
  {
    "value": "extra toasted",
    "synonyms": [
      "extra toasted"
    ]
  },
  {
    "value": "lightly toasted",
    "synonyms": [
      "lightly toasted"
    ]
  },
  {
    "value": "untoasted",
    "synonyms": [
      "untoasted"
    ]
  }
]