[
  {
    "value": "coke",
    "synonyms": [
      "coke",
      "coca-cola",
      "coca cola"
    ]
  },
  {
    "value": "7-up",
    "synonyms": [
      "7up",
      "7 up",
      "7-up",
      "seven-up",
      "seven up"
    ]
  },
  {
    "value": "dr pepper",
    "synonyms": [
      "dr. pepper",
      "dr pepper"
    ]
  },
  {
    "value": "root beer",
    "synonyms": [
      "root beer",
      "beer"
    ]
  },
  {
    "value": "lemonade",
    "synonyms": [
      "lemonade"
    ]
  },
  {
    "value": "iced tea",
    "synonyms": [
      "iced tea",
      "ice tea",
      "tea"
    ]
  }
]