[
  {
    "value": "pizza",
    "synonyms": [
      "pizza"
    ]
  },
  {
    "value": "pasta",
    "synonyms": [
      "pasta",
      "spaghetti"
    ]
  },
  {
    "value": "rice",
    "synonyms": [
      "rice"
    ]
  },
  {
    "value": "noodle",
    "synonyms": [
      "noodle"
    ]
  },
  {
    "value": "sandwich",
    "synonyms": [
      "sandwich"
    ]
  },
  {
    "value": "juice",
    "synonyms": [
      "juice",
      "minute maid"
    ]
  },
  {
    "value": "chicken",
    "synonyms": [
      "chicken",
      "fried chicken",
      "chicken burger"
    ]
  },
  {
    "value": "bagel",
    "synonyms": [
      "bagel"
    ]
  },
  {
    "value": "egg",
    "synonyms": [
      "egg"
    ]
  },
  {
    "value": "soup",
    "synonyms": [
      "soup"
    ]
  },
  {
    "value": "steak",
    "synonyms": [
      "steak"
    ]
  },
  {
    "value": "subway",
    "synonyms": [
      "subway"
    ]
  },
  {
    "value": "Mexican food",
    "synonyms": [
      "burrito",
      "Mexican food",
      "Taco Bell"
    ]
  },
  {
    "value": "soda",
    "synonyms": [
      "soda"
    ]
  },
  {
    "value": "sprite",
    "synonyms": [
      "sprite"
    ]
  },
  {
    "value": "fruit",
    "synonyms": [
      "fruit",
      "apple",
      "orange",
      "banana",
      "grape",
      "watermelon"
    ]
  },
  {
    "value": "Taiwanese food",
    "synonyms": [
      "Taiwanese food",
      "beef noodle",
      "pork rice"
    ]
  },
  {
    "value": "Chinese food",
    "synonyms": [
      "Chinese food",
      "dumpling",
      "Panda Express"
    ]
  },
  {
    "value": "duck",
    "synonyms": [
      "duck"
    ]
  },
  {
    "value": "pork",
    "synonyms": [
      "pork",
      "pork burger",
      "hot dog",
      "sausage"
    ]
  }
]