[
  {
    "value": "ingredient",
    "synonyms": [
      "ingredient",
      "content",
      "filling",
      "contain",
      "include",
      "what\u0027s in"
    ]
  },
  {
    "value": "price",
    "synonyms": [
      "price",
      "cost",
      "pay",
      "how much",
      "expense"
    ]
  },
  {
    "value": "option",
    "synonyms": [
      "option",
      "kind",
      "selection",
      "choose",
      "select",
      "size",
      "type"
    ]
  },
  {
    "value": "picture",
    "synonyms": [
      "picture",
      "pic",
      "look like",
      "image",
      "graphic",
      "see"
    ]
  },
  {
    "value": "have",
    "synonyms": [
      "have",
      "offer",
      "sell",
      "provide"
    ]
  }
]