[
  {
    "value": "Robo-waiter",
    "synonyms": [
      "Robo-waiter",
      "robowaiter",
      "robo waiter",
      "robot waiter"
    ]
  },
  {
    "value": "UCI",
    "synonyms": [
      "UCI",
      "UC Irvine",
      "University of California Irvine"
    ]
  },
  {
    "value": "MCS",
    "synonyms": [
      "MCS",
      "Master of Computer Science"
    ]
  },
  {
    "value": "Donald Trump",
    "synonyms": [
      "Donald Trump",
      "Trump"
    ]
  },
  {
    "value": "Barack Obama",
    "synonyms": [
      "Barack Obama",
      "Obama"
    ]
  },
  {
    "value": "anteater",
    "synonyms": [
      "anteater",
      "ant eater"
    ]
  }
]