[
  {
    "id": "e018db64-85ee-421c-91ab-11c302f151c4",
    "data": [
      {
        "text": "no",
        "meta": "@sys.ignore",
        "userDefined": false
      },
      {
        "text": " no no",
        "userDefined": false
      }
    ],
    "isTemplate": false,
    "count": 0,
    "updated": 1543714017
  },
  {
    "id": "4fa5fbcc-a806-4f37-9859-e20b3efcd1c5",
    "data": [
      {
        "text": "not at ",
        "userDefined": false
      },
      {
        "text": "all",
        "meta": "@sys.ignore",
        "userDefined": false
      }
    ],
    "isTemplate": false,
    "count": 0,
    "updated": 1543714017
  },
  {
    "id": "97bd1361-7a89-482c-ac7f-00b126134f86",
    "data": [
      {
        "text": "nothing",
        "userDefined": false
      }
    ],
    "isTemplate": false,
    "count": 0,
    "updated": 1543714017
  },
  {
    "id": "9af27b94-0ad0-411d-9af2-22f181db94d8",
    "data": [
      {
        "text": "no",
        "meta": "@sys.ignore",
        "userDefined": false
      }
    ],
    "isTemplate": false,
    "count": 0,
    "updated": 1543714017
  }
]