[
  {
    "id": "5f98a934-c574-4d08-9446-896fd37e80ca",
    "data": [
      {
        "text": "cheese",
        "alias": "comboOption",
        "meta": "@combo-option",
        "userDefined": true
      }
    ],
    "isTemplate": false,
    "count": 0,
    "updated": 1543692583
  },
  {
    "id": "ea3cb1fe-10c1-4062-aa51-dd0f3f9a13d9",
    "data": [
      {
        "text": "hamburger",
        "alias": "comboOption",
        "meta": "@combo-option",
        "userDefined": true
      }
    ],
    "isTemplate": false,
    "count": 1,
    "updated": 1543202805
  }
]