[
  {
    "id": "fd5dc165-e013-4474-98b2-88aa3cf57279",
    "data": [
      {
        "text": "to go",
        "alias": "deliveryMethod",
        "meta": "@delivery-method",
        "userDefined": false
      }
    ],
    "isTemplate": false,
    "count": 0,
    "updated": 1543369308
  },
  {
    "id": "fb54d35f-ddf8-4333-818e-9bfb5a23aa08",
    "data": [
      {
        "text": "to go",
        "alias": "deliveryMethod",
        "meta": "@delivery-method",
        "userDefined": false
      },
      {
        "text": ", please",
        "userDefined": false
      }
    ],
    "isTemplate": false,
    "count": 0,
    "updated": 1543367791
  },
  {
    "id": "5c9171b4-15f6-413e-aa28-b57905711aff",
    "data": [
      {
        "text": "for here",
        "alias": "deliveryMethod",
        "meta": "@delivery-method",
        "userDefined": false
      }
    ],
    "isTemplate": false,
    "count": 0,
    "updated": 1543367791
  }
]