[
  {
    "id": "d810d4e1-875e-44a0-9ff4-c4f6d0cb2d43",
    "data": [
      {
        "text": "how is it going?",
        "userDefined": false
      }
    ],
    "isTemplate": false,
    "count": 1,
    "updated": 1543718349
  },
  {
    "id": "2a29f4fe-a3ba-4300-abcc-26f575d1fad2",
    "data": [
      {
        "text": "how are you doing?",
        "userDefined": false
      }
    ],
    "isTemplate": false,
    "count": 1,
    "updated": 1543718349
  },
  {
    "id": "83beecd8-daba-4f72-972e-edc1a9604f47",
    "data": [
      {
        "text": "howdy?",
        "userDefined": false
      }
    ],
    "isTemplate": false,
    "count": 0,
    "updated": 1541271864
  },
  {
    "id": "561b3eeb-f99d-4867-8467-e43c93100d29",
    "data": [
      {
        "text": "how are you?",
        "userDefined": false
      }
    ],
    "isTemplate": false,
    "count": 0,
    "updated": 1543718349
  }
]