[
  {
    "id": "3c6eff80-27ba-49ef-9193-8e0d13bed4fa",
    "data": [
      {
        "text": "anteater style",
        "alias": "allOption",
        "meta": "@all-option",
        "userDefined": false
      },
      {
        "text": " please",
        "userDefined": false
      }
    ],
    "isTemplate": false,
    "count": 0,
    "updated": 1544674449
  },
  {
    "id": "fb753bc4-8291-420e-b576-f69adea53049",
    "data": [
      {
        "text": "i ",
        "userDefined": false
      },
      {
        "text": "don\u0027t like meat",
        "alias": "allOption",
        "meta": "@all-option",
        "userDefined": false
      },
      {
        "text": " in my ",
        "userDefined": false
      },
      {
        "text": "burger",
        "alias": "basic-burger",
        "meta": "@basic-burger",
        "userDefined": false
      }
    ],
    "isTemplate": false,
    "count": 0,
    "updated": 1544609399
  },
  {
    "id": "850b7f4f-c8bd-4886-af20-ca6ac0e6de5d",
    "data": [
      {
        "text": "can you give me ",
        "userDefined": false
      },
      {
        "text": "more lettuce",
        "alias": "allOption",
        "meta": "@all-option",
        "userDefined": false
      },
      {
        "text": "?",
        "userDefined": false
      }
    ],
    "isTemplate": false,
    "count": 0,
    "updated": 1544609399
  },
  {
    "id": "54d9f975-f433-4540-ae8c-0da82c85cfe5",
    "data": [
      {
        "text": "i want my ",
        "userDefined": false
      },
      {
        "text": "burger",
        "alias": "basic-burger",
        "meta": "@basic-burger",
        "userDefined": false
      },
      {
        "text": " to have ",
        "userDefined": false
      },
      {
        "text": "more cheese",
        "alias": "allOption",
        "meta": "@all-option",
        "userDefined": false
      }
    ],
    "isTemplate": false,
    "count": 0,
    "updated": 1544609399
  },
  {
    "id": "93263169-739b-4894-95f4-80f2b619a20c",
    "data": [
      {
        "text": "no onion",
        "alias": "allOption",
        "meta": "@all-option",
        "userDefined": false
      },
      {
        "text": " for my ",
        "userDefined": false
      },
      {
        "text": "hamburger",
        "alias": "basic-burger",
        "meta": "@basic-burger",
        "userDefined": false
      }
    ],
    "isTemplate": false,
    "count": 0,
    "updated": 1544609399
  },
  {
    "id": "5673e2f7-1db7-4e22-b2cb-5bc527484171",
    "data": [
      {
        "text": "I ",
        "userDefined": false
      },
      {
        "text": "don\u0027t want lettuce",
        "alias": "allOption",
        "meta": "@all-option",
        "userDefined": false
      },
      {
        "text": " on that ",
        "userDefined": false
      },
      {
        "text": "burger",
        "alias": "basic-burger",
        "meta": "@basic-burger",
        "userDefined": false
      }
    ],
    "isTemplate": false,
    "count": 0,
    "updated": 1544609280
  },
  {
    "id": "e1d40a26-230d-4c45-928d-ca6abb3fcf57",
    "data": [
      {
        "text": "add ",
        "userDefined": false
      },
      {
        "text": "ketchup",
        "alias": "allOption",
        "meta": "@all-option",
        "userDefined": true
      }
    ],
    "isTemplate": false,
    "count": 0,
    "updated": 1544594874
  },
  {
    "id": "8f011c91-67cb-479d-ad70-32752f3896d8",
    "data": [
      {
        "text": "add ",
        "userDefined": false
      },
      {
        "text": "mustard",
        "alias": "allOption",
        "meta": "@all-option",
        "userDefined": false
      }
    ],
    "isTemplate": false,
    "count": 0,
    "updated": 1544594874
  },
  {
    "id": "3b8235a1-0e29-42da-8d0e-4c9268255b5f",
    "data": [
      {
        "text": "add ",
        "userDefined": false
      },
      {
        "text": "cold cheese",
        "alias": "allOption",
        "meta": "@all-option",
        "userDefined": false
      }
    ],
    "isTemplate": false,
    "count": 0,
    "updated": 1544524856
  },
  {
    "id": "36af9e7d-b028-40c6-a67e-fc2f4069d259",
    "data": [
      {
        "text": "can you do ",
        "userDefined": false
      },
      {
        "text": "more onion",
        "alias": "allOption",
        "meta": "@all-option",
        "userDefined": false
      },
      {
        "text": "?",
        "userDefined": false
      }
    ],
    "isTemplate": false,
    "count": 0,
    "updated": 1543863559
  },
  {
    "id": "401115b7-a287-4e8e-a580-ae873c872967",
    "data": [
      {
        "text": "make it ",
        "userDefined": false
      },
      {
        "text": "large",
        "alias": "allOption",
        "meta": "@all-option",
        "userDefined": true
      }
    ],
    "isTemplate": false,
    "count": 0,
    "updated": 1543473111
  },
  {
    "id": "85c8f0ad-1ae7-4396-852f-09f556a672f7",
    "data": [
      {
        "text": "animal style",
        "alias": "allOption",
        "meta": "@all-option",
        "userDefined": false
      },
      {
        "text": ", please",
        "userDefined": false
      }
    ],
    "isTemplate": false,
    "count": 0,
    "updated": 1543194244
  },
  {
    "id": "cfd51522-8e8d-4e86-87e3-0592bb2554f8",
    "data": [
      {
        "text": "animal style",
        "alias": "allOption",
        "meta": "@all-option",
        "userDefined": false
      },
      {
        "text": ", thanks",
        "userDefined": false
      }
    ],
    "isTemplate": false,
    "count": 0,
    "updated": 1543194244
  },
  {
    "id": "9281a8dc-3c67-4585-beb2-44fdfcfe16e4",
    "data": [
      {
        "text": "animal style",
        "alias": "allOption",
        "meta": "@all-option",
        "userDefined": false
      }
    ],
    "isTemplate": false,
    "count": 0,
    "updated": 1543194244
  },
  {
    "id": "6c867130-03de-4e05-bd8b-7a4acda8b263",
    "data": [
      {
        "text": "may i have ",
        "userDefined": false
      },
      {
        "text": "chopped chilies",
        "alias": "allOption",
        "meta": "@all-option",
        "userDefined": false
      },
      {
        "text": "?",
        "userDefined": false
      }
    ],
    "isTemplate": false,
    "count": 0,
    "updated": 1542953942
  },
  {
    "id": "aa11e30c-9e21-4436-ac4a-9a8905b0b00a",
    "data": [
      {
        "text": "may i have ",
        "userDefined": false
      },
      {
        "text": "extra toasted bun",
        "alias": "allOption",
        "meta": "@all-option",
        "userDefined": false
      },
      {
        "text": " please?",
        "userDefined": false
      }
    ],
    "isTemplate": false,
    "count": 0,
    "updated": 1542953844
  },
  {
    "id": "de90f94b-0915-4979-9b8f-9f0b5dba0ccf",
    "data": [
      {
        "text": "i want ",
        "userDefined": false
      },
      {
        "text": "untoasted bun",
        "alias": "allOption",
        "meta": "@all-option",
        "userDefined": false
      }
    ],
    "isTemplate": false,
    "count": 0,
    "updated": 1542953844
  },
  {
    "id": "d83af189-d94a-4dea-a4d4-96b53a247fc3",
    "data": [
      {
        "text": "can you do ",
        "userDefined": false
      },
      {
        "text": "extra veggies",
        "alias": "allOption",
        "meta": "@all-option",
        "userDefined": true
      },
      {
        "text": "?",
        "userDefined": false
      }
    ],
    "isTemplate": false,
    "count": 1,
    "updated": 1542688607
  },
  {
    "id": "e24a52b6-512b-4c51-8824-3fd62aba249a",
    "data": [
      {
        "text": "I want ",
        "userDefined": false
      },
      {
        "text": "more cheese",
        "alias": "allOption",
        "meta": "@all-option",
        "userDefined": true
      }
    ],
    "isTemplate": false,
    "count": 0,
    "updated": 1542687659
  },
  {
    "id": "0c3a77b4-3b63-4c76-8704-99216beddb20",
    "data": [
      {
        "text": "can you do ",
        "userDefined": false
      },
      {
        "text": "extra veggies",
        "alias": "allOption",
        "meta": "@all-option",
        "userDefined": true
      },
      {
        "text": " but ",
        "userDefined": false
      },
      {
        "text": "no pickles",
        "alias": "allOption",
        "meta": "@all-option",
        "userDefined": true
      },
      {
        "text": "?",
        "userDefined": false
      }
    ],
    "isTemplate": false,
    "count": 0,
    "updated": 1542688607
  },
  {
    "id": "4689e9ae-337b-4213-b8f5-25c411f034e8",
    "data": [
      {
        "text": "more cheese",
        "alias": "allOption",
        "meta": "@all-option",
        "userDefined": true
      }
    ],
    "isTemplate": false,
    "count": 0,
    "updated": 1542687659
  },
  {
    "id": "d6e052ae-32fb-41d2-8ea6-5e4ff7bf8200",
    "data": [
      {
        "text": "no onion",
        "alias": "allOption",
        "meta": "@all-option",
        "userDefined": true
      }
    ],
    "isTemplate": false,
    "count": 0,
    "updated": 1542687659
  }
]