[
  {
    "id": "40bc94bd-6ebc-4dc9-8ec0-0fa2336693b3",
    "data": [
      {
        "text": "just ",
        "userDefined": false
      },
      {
        "text": "some",
        "alias": "itemAmount",
        "meta": "@item-amount",
        "userDefined": false
      },
      {
        "text": " ",
        "userDefined": false
      },
      {
        "text": "flowers",
        "alias": "any",
        "meta": "@sys.any",
        "userDefined": true
      }
    ],
    "isTemplate": false,
    "count": 0,
    "updated": 1544560180
  },
  {
    "id": "a15f0daa-f16a-410c-b04b-8bf52fb72ef2",
    "data": [
      {
        "text": "a",
        "alias": "itemAmount",
        "meta": "@item-amount",
        "userDefined": true
      },
      {
        "text": " ",
        "userDefined": false
      },
      {
        "text": "tablet",
        "alias": "any",
        "meta": "@sys.any",
        "userDefined": true
      },
      {
        "text": " please",
        "userDefined": false
      }
    ],
    "isTemplate": false,
    "count": 0,
    "updated": 1544560180
  },
  {
    "id": "c39e0ca5-b36c-42c8-8d56-fc46e4f7e1c5",
    "data": [
      {
        "text": "give me ",
        "userDefined": false
      },
      {
        "text": "a",
        "alias": "itemAmount",
        "meta": "@item-amount",
        "userDefined": true
      },
      {
        "text": " ",
        "userDefined": false
      },
      {
        "text": "tablet",
        "alias": "any",
        "meta": "@sys.any",
        "userDefined": true
      }
    ],
    "isTemplate": false,
    "count": 0,
    "updated": 1544525597
  },
  {
    "id": "a9b52443-138d-4621-ac10-1df62de83864",
    "data": [
      {
        "text": "i\u0027d like a ",
        "userDefined": false
      },
      {
        "text": "Jack in the Box",
        "alias": "competitor",
        "meta": "@competitor",
        "userDefined": false
      },
      {
        "text": " ",
        "userDefined": false
      },
      {
        "text": "chicken",
        "alias": "notOnMenu",
        "meta": "@not-on-menu",
        "userDefined": false
      },
      {
        "text": " ",
        "userDefined": false
      },
      {
        "text": "sandwich",
        "meta": "@sys.ignore",
        "userDefined": false
      }
    ],
    "isTemplate": false,
    "count": 0,
    "updated": 1544749250
  },
  {
    "id": "3d35dfac-93f9-484e-9802-873fa71113bf",
    "data": [
      {
        "text": "may i have ",
        "userDefined": false
      },
      {
        "text": "a",
        "alias": "itemAmount",
        "meta": "@item-amount",
        "userDefined": true
      },
      {
        "text": " ",
        "userDefined": false
      },
      {
        "text": "Wendy\u0027s",
        "alias": "competitor",
        "meta": "@competitor",
        "userDefined": false
      },
      {
        "text": " ",
        "userDefined": false
      },
      {
        "text": "burger",
        "alias": "basic-burger",
        "meta": "@basic-burger",
        "userDefined": false
      },
      {
        "text": "?",
        "userDefined": false
      }
    ],
    "isTemplate": false,
    "count": 0,
    "updated": 1544527204
  },
  {
    "id": "653a053f-dcbb-4ff6-a206-9ca75401b649",
    "data": [
      {
        "text": "i want to order ",
        "userDefined": false
      },
      {
        "text": "a",
        "alias": "itemAmount",
        "meta": "@item-amount",
        "userDefined": true
      },
      {
        "text": " ",
        "userDefined": false
      },
      {
        "text": "KFC",
        "alias": "competitor",
        "meta": "@competitor",
        "userDefined": false
      },
      {
        "text": " ",
        "userDefined": false
      },
      {
        "text": "fried chicken",
        "alias": "notOnMenu",
        "meta": "@not-on-menu",
        "userDefined": false
      }
    ],
    "isTemplate": false,
    "count": 0,
    "updated": 1544527204
  },
  {
    "id": "2d3bf1aa-6bc4-482d-99e1-d33e9ed99784",
    "data": [
      {
        "text": "i want ",
        "userDefined": false
      },
      {
        "text": "a",
        "alias": "itemAmount",
        "meta": "@item-amount",
        "userDefined": true
      },
      {
        "text": " ",
        "userDefined": false
      },
      {
        "text": "big Mac",
        "alias": "competitor",
        "meta": "@competitor",
        "userDefined": false
      }
    ],
    "isTemplate": false,
    "count": 0,
    "updated": 1544526993
  },
  {
    "id": "c860c486-a5d0-474a-a42d-d45391251233",
    "data": [
      {
        "text": "a",
        "alias": "itemAmount",
        "meta": "@item-amount",
        "userDefined": true
      },
      {
        "text": " ",
        "userDefined": false
      },
      {
        "text": "tablet",
        "alias": "any",
        "meta": "@sys.any",
        "userDefined": true
      }
    ],
    "isTemplate": false,
    "count": 0,
    "updated": 1544526627
  },
  {
    "id": "39377d56-7da2-45db-a91b-330927933490",
    "data": [
      {
        "text": "may i have ",
        "userDefined": false
      },
      {
        "text": "a",
        "alias": "itemAmount",
        "meta": "@item-amount",
        "userDefined": true
      },
      {
        "text": " ",
        "userDefined": false
      },
      {
        "text": "tablet",
        "alias": "any",
        "meta": "@sys.any",
        "userDefined": true
      },
      {
        "text": "?",
        "userDefined": false
      }
    ],
    "isTemplate": false,
    "count": 0,
    "updated": 1544525597
  },
  {
    "id": "10384dca-5917-4ce8-96eb-225308466c54",
    "data": [
      {
        "text": "i would ",
        "userDefined": false
      },
      {
        "text": "like",
        "meta": "@sys.ignore",
        "userDefined": false
      },
      {
        "text": " ",
        "userDefined": false
      },
      {
        "text": "a",
        "alias": "itemAmount",
        "meta": "@item-amount",
        "userDefined": true
      },
      {
        "text": " ",
        "userDefined": false
      },
      {
        "text": "tablet",
        "alias": "any",
        "meta": "@sys.any",
        "userDefined": true
      }
    ],
    "isTemplate": false,
    "count": 0,
    "updated": 1544525597
  },
  {
    "id": "e8cac2ea-27f6-4334-9f43-bf4cb972132a",
    "data": [
      {
        "text": "do you offer ",
        "userDefined": false
      },
      {
        "text": "tablet",
        "alias": "any",
        "meta": "@sys.any",
        "userDefined": true
      },
      {
        "text": "?",
        "userDefined": false
      }
    ],
    "isTemplate": false,
    "count": 0,
    "updated": 1544525597
  },
  {
    "id": "f0bf7258-0662-46c3-b731-5ebec769e37e",
    "data": [
      {
        "text": "do you have ",
        "userDefined": false
      },
      {
        "text": "tablet",
        "alias": "any",
        "meta": "@sys.any",
        "userDefined": true
      },
      {
        "text": "?",
        "userDefined": false
      }
    ],
    "isTemplate": false,
    "count": 0,
    "updated": 1544525597
  },
  {
    "id": "672cc05f-b3a3-4ea6-b582-d4de7b326ced",
    "data": [
      {
        "text": "can i have ",
        "userDefined": false
      },
      {
        "text": "a",
        "alias": "itemAmount",
        "meta": "@item-amount",
        "userDefined": true
      },
      {
        "text": " ",
        "userDefined": false
      },
      {
        "text": "tablet",
        "alias": "any",
        "meta": "@sys.any",
        "userDefined": true
      },
      {
        "text": "?",
        "userDefined": false
      }
    ],
    "isTemplate": false,
    "count": 1,
    "updated": 1544525597
  },
  {
    "id": "39463a7b-19cd-478f-956d-db5c7e566179",
    "data": [
      {
        "text": "i\u0027d ",
        "userDefined": false
      },
      {
        "text": "like",
        "meta": "@sys.ignore",
        "userDefined": false
      },
      {
        "text": " to order ",
        "userDefined": false
      },
      {
        "text": "a",
        "alias": "itemAmount",
        "meta": "@item-amount",
        "userDefined": true
      },
      {
        "text": " ",
        "userDefined": false
      },
      {
        "text": "tablet",
        "alias": "any",
        "meta": "@sys.any",
        "userDefined": true
      }
    ],
    "isTemplate": false,
    "count": 0,
    "updated": 1544525597
  },
  {
    "id": "cf00101e-07f0-4305-9d43-f74e8d30dd6e",
    "data": [
      {
        "text": "i want ",
        "userDefined": false
      },
      {
        "text": "a",
        "alias": "itemAmount",
        "meta": "@item-amount",
        "userDefined": true
      },
      {
        "text": " ",
        "userDefined": false
      },
      {
        "text": "tablet",
        "alias": "any",
        "meta": "@sys.any",
        "userDefined": true
      }
    ],
    "isTemplate": false,
    "count": 0,
    "updated": 1544525597
  },
  {
    "id": "786c7782-300e-4827-914c-87439172174e",
    "data": [
      {
        "text": "may i have ",
        "userDefined": false
      },
      {
        "text": "one",
        "alias": "itemAmount",
        "meta": "@item-amount",
        "userDefined": false
      },
      {
        "text": " soup ",
        "userDefined": false
      },
      {
        "text": "noodle",
        "alias": "notOnMenu",
        "meta": "@not-on-menu",
        "userDefined": true
      },
      {
        "text": "?",
        "userDefined": false
      }
    ],
    "isTemplate": false,
    "count": 0,
    "updated": 1542687758
  },
  {
    "id": "3f35f504-5557-4e19-bebe-2803c203c29f",
    "data": [
      {
        "text": "i would like ",
        "userDefined": false
      },
      {
        "text": "a",
        "alias": "itemAmount",
        "meta": "@item-amount",
        "userDefined": false
      },
      {
        "text": " ",
        "userDefined": false
      },
      {
        "text": "pasta",
        "alias": "notOnMenu",
        "meta": "@not-on-menu",
        "userDefined": true
      }
    ],
    "isTemplate": false,
    "count": 0,
    "updated": 1542687758
  },
  {
    "id": "21f0a1a0-5f23-477f-9846-a883be72d83e",
    "data": [
      {
        "text": "do you have ",
        "userDefined": false
      },
      {
        "text": "rice",
        "alias": "notOnMenu",
        "meta": "@not-on-menu",
        "userDefined": true
      },
      {
        "text": "?",
        "userDefined": false
      }
    ],
    "isTemplate": false,
    "count": 0,
    "updated": 1542687758
  },
  {
    "id": "416cd776-5333-4662-ba0a-0b7ce009eb14",
    "data": [
      {
        "text": "can i have ",
        "userDefined": false
      },
      {
        "text": "a",
        "alias": "itemAmount",
        "meta": "@item-amount",
        "userDefined": false
      },
      {
        "text": " ",
        "userDefined": false
      },
      {
        "text": "pizza",
        "alias": "notOnMenu",
        "meta": "@not-on-menu",
        "userDefined": true
      },
      {
        "text": "?",
        "userDefined": false
      }
    ],
    "isTemplate": false,
    "count": 0,
    "updated": 1542687758
  }
]