[
  {
    "id": "77c3e6ff-2c75-4abe-a5e5-c506ae59d72b",
    "data": [
      {
        "text": "please change it",
        "userDefined": false
      }
    ],
    "isTemplate": false,
    "count": 0,
    "updated": 1543476278
  },
  {
    "id": "e8229c77-6fca-45b0-b82e-53e6a3957d08",
    "data": [
      {
        "text": "i want a change",
        "userDefined": false
      }
    ],
    "isTemplate": false,
    "count": 0,
    "updated": 1543476278
  },
  {
    "id": "a81d6c49-4f5f-4fb8-8d0d-3f3d49a04716",
    "data": [
      {
        "text": "modify",
        "userDefined": false
      }
    ],
    "isTemplate": false,
    "count": 0,
    "updated": 1543476278
  }
]