[
  {
    "id": "b83d5ca9-2e37-4a7b-bda8-472ca816cf32",
    "data": [
      {
        "text": "yeah",
        "userDefined": false
      }
    ],
    "isTemplate": false,
    "count": 0,
    "updated": 1543694912
  },
  {
    "id": "deecbcf0-66e6-45a6-90a1-b0a31a9b8ea9",
    "data": [
      {
        "text": "just do it",
        "userDefined": false
      }
    ],
    "isTemplate": false,
    "count": 0,
    "updated": 1543694912
  },
  {
    "id": "c31e0b3f-2833-4136-8d6d-74a622c2c76c",
    "data": [
      {
        "text": "go ahead",
        "userDefined": false
      }
    ],
    "isTemplate": false,
    "count": 0,
    "updated": 1543694912
  },
  {
    "id": "c9e8bde4-eb41-42a0-990a-d9c286e5eefd",
    "data": [
      {
        "text": "more",
        "meta": "@sys.ignore",
        "userDefined": false
      }
    ],
    "isTemplate": false,
    "count": 0,
    "updated": 1543476213
  },
  {
    "id": "08594ac5-4443-4095-997f-d4ceb8cc06ce",
    "data": [
      {
        "text": "add",
        "meta": "@sys.ignore",
        "userDefined": false
      }
    ],
    "isTemplate": false,
    "count": 0,
    "updated": 1543476213
  }
]