[
  {
    "id": "b88d9acc-13a0-4659-8d68-4dd33da7cca3",
    "data": [
      {
        "text": "where should i pay?",
        "userDefined": false
      }
    ],
    "isTemplate": false,
    "count": 0,
    "updated": 1543790757
  },
  {
    "id": "eff3df92-591c-4588-b803-5ce3c39ec96b",
    "data": [
      {
        "text": "how am i gonna pay?",
        "userDefined": false
      }
    ],
    "isTemplate": false,
    "count": 0,
    "updated": 1543790757
  },
  {
    "id": "94037448-67bb-46eb-8e5e-5a626c316bab",
    "data": [
      {
        "text": "how am i supposed to pay?",
        "userDefined": false
      }
    ],
    "isTemplate": false,
    "count": 0,
    "updated": 1543790757
  },
  {
    "id": "82a397c8-f56c-4c74-856d-0a322fef3736",
    "data": [
      {
        "text": "Do you accept debit card?",
        "userDefined": false
      }
    ],
    "isTemplate": false,
    "count": 0,
    "updated": 1542079211
  },
  {
    "id": "0776f7ae-6086-48cf-bfc6-ad47fbb98838",
    "data": [
      {
        "text": "How do I pay?",
        "userDefined": false
      }
    ],
    "isTemplate": false,
    "count": 0,
    "updated": 1540872950
  },
  {
    "id": "b6a51600-5542-47b5-8697-8ed8a59e31c5",
    "data": [
      {
        "text": "Do you accept credit card?",
        "userDefined": false
      }
    ],
    "isTemplate": false,
    "count": 0,
    "updated": 1540872950
  },
  {
    "id": "96f6ac3f-c5f7-42c0-a215-9e6dc6af7d26",
    "data": [
      {
        "text": "Can I pay ",
        "userDefined": false
      },
      {
        "text": "here",
        "meta": "@sys.ignore",
        "userDefined": false
      },
      {
        "text": "?",
        "userDefined": false
      }
    ],
    "isTemplate": false,
    "count": 0,
    "updated": 1542079211
  }
]