[
  {
    "id": "87477589-d2da-4acd-a3b0-e8c064a0e3cf",
    "data": [
      {
        "text": "any advice?",
        "userDefined": false
      }
    ],
    "isTemplate": false,
    "count": 0,
    "updated": 1544836737
  },
  {
    "id": "a3e95716-9cb6-411a-b006-c367a3d5cd92",
    "data": [
      {
        "text": "any recommendation?",
        "userDefined": false
      }
    ],
    "isTemplate": false,
    "count": 0,
    "updated": 1544836737
  },
  {
    "id": "ece0412f-977c-46c3-8523-4de9fe12a37f",
    "data": [
      {
        "text": "any recommendations?",
        "userDefined": false
      }
    ],
    "isTemplate": false,
    "count": 0,
    "updated": 1544836737
  },
  {
    "id": "a0cc5d71-8262-4561-a183-9d729d8b0692",
    "data": [
      {
        "text": "What\u0027s your signature dish?",
        "userDefined": false
      }
    ],
    "isTemplate": false,
    "count": 0,
    "updated": 1543794545
  },
  {
    "id": "d683d076-3831-4ddc-9924-0c20c3771493",
    "data": [
      {
        "text": "what\u0027s your recommendation?",
        "userDefined": false
      }
    ],
    "isTemplate": false,
    "count": 0,
    "updated": 1544421635
  },
  {
    "id": "df3f340f-10e4-493e-8d21-9afbacc57e6c",
    "data": [
      {
        "text": "tell me the best dish here",
        "userDefined": false
      }
    ],
    "isTemplate": false,
    "count": 0,
    "updated": 1544421635
  },
  {
    "id": "bf8047c4-b3e2-40e3-850a-6a6300e3585c",
    "data": [
      {
        "text": "what\u0027s your favorite?",
        "userDefined": false
      }
    ],
    "isTemplate": false,
    "count": 1,
    "updated": 1543824013
  },
  {
    "id": "5df78ca2-207a-4b60-9760-8880c5e2fa23",
    "data": [
      {
        "text": "What\u0027s the best dish ",
        "userDefined": false
      },
      {
        "text": "here",
        "meta": "@sys.ignore",
        "userDefined": false
      },
      {
        "text": "?",
        "userDefined": false
      }
    ],
    "isTemplate": false,
    "count": 0,
    "updated": 1543794545
  },
  {
    "id": "8ae4b07d-d9d6-4aca-9ee0-4558390735de",
    "data": [
      {
        "text": "have ",
        "userDefined": false
      },
      {
        "text": "no",
        "meta": "@sys.ignore",
        "userDefined": false
      },
      {
        "text": " clue",
        "userDefined": false
      }
    ],
    "isTemplate": false,
    "count": 0,
    "updated": 1543714805
  },
  {
    "id": "05d64980-c6ef-4c89-b15b-483319ec5227",
    "data": [
      {
        "text": "have ",
        "userDefined": false
      },
      {
        "text": "no",
        "meta": "@sys.ignore",
        "userDefined": false
      },
      {
        "text": " idea",
        "userDefined": false
      }
    ],
    "isTemplate": false,
    "count": 0,
    "updated": 1543714805
  },
  {
    "id": "23792274-d8ef-4575-a873-34568f1a286b",
    "data": [
      {
        "text": "i don\u0027t know",
        "userDefined": false
      }
    ],
    "isTemplate": false,
    "count": 0,
    "updated": 1543714805
  },
  {
    "id": "4d2479af-0a15-416e-9c61-90ddfd18b34c",
    "data": [
      {
        "text": "what do you recommend?",
        "userDefined": false
      }
    ],
    "isTemplate": false,
    "count": 0,
    "updated": 1543714805
  },
  {
    "id": "256280a7-c222-491a-bb59-e121550492a8",
    "data": [
      {
        "text": "do you have any recommendations?",
        "userDefined": false
      }
    ],
    "isTemplate": false,
    "count": 0,
    "updated": 1542066677
  }
]