[
  {
    "id": "83a8f6b4-7157-47e1-8ee6-9ab52901189f",
    "data": [
      {
        "text": "do you have any hobby?",
        "userDefined": false
      }
    ],
    "isTemplate": false,
    "count": 0,
    "updated": 1544696011
  },
  {
    "id": "0fc78c82-8515-4df5-b290-c79796fd6343",
    "data": [
      {
        "text": "do you have any hobbies?",
        "userDefined": false
      }
    ],
    "isTemplate": false,
    "count": 0,
    "updated": 1544696011
  },
  {
    "id": "0cd5a6b1-adfd-4444-8d9b-ab763a891341",
    "data": [
      {
        "text": "do you have hobbies?",
        "userDefined": false
      }
    ],
    "isTemplate": false,
    "count": 0,
    "updated": 1544696011
  },
  {
    "id": "c937c64c-7ac4-454e-b626-22d4dba6642a",
    "data": [
      {
        "text": "what do you like?",
        "userDefined": false
      }
    ],
    "isTemplate": false,
    "count": 0,
    "updated": 1543824797
  },
  {
    "id": "e72ca7a8-8d50-4bc4-9b68-d0577360e435",
    "data": [
      {
        "text": "what do you like to do ",
        "userDefined": false
      },
      {
        "text": "over the weekend",
        "meta": "@sys.ignore",
        "userDefined": false
      },
      {
        "text": "?",
        "userDefined": false
      }
    ],
    "isTemplate": false,
    "count": 0,
    "updated": 1543824797
  },
  {
    "id": "805eb545-e635-4d6e-9bae-7a26ff2eb7a0",
    "data": [
      {
        "text": "what do you like to do in your free time?",
        "userDefined": false
      }
    ],
    "isTemplate": false,
    "count": 0,
    "updated": 1543824797
  },
  {
    "id": "574d09d0-f557-42f9-8945-093fcdc42307",
    "data": [
      {
        "text": "what is your favorite activity?",
        "userDefined": false
      }
    ],
    "isTemplate": false,
    "count": 0,
    "updated": 1543824634
  },
  {
    "id": "45e61ad4-df4c-4604-9923-210850223551",
    "data": [
      {
        "text": "what\u0027s your hobby?",
        "userDefined": false
      }
    ],
    "isTemplate": false,
    "count": 0,
    "updated": 1543824634
  },
  {
    "id": "7e9b7025-460b-4be5-904f-c8931ae5794b",
    "data": [
      {
        "text": "what do you do in your free time?",
        "userDefined": false
      }
    ],
    "isTemplate": false,
    "count": 0,
    "updated": 1543820711
  },
  {
    "id": "c0272842-fb0a-4294-ac9b-29f69853d7aa",
    "data": [
      {
        "text": "what do you enjoy doing?",
        "userDefined": false
      }
    ],
    "isTemplate": false,
    "count": 1,
    "updated": 1543820711
  },
  {
    "id": "9c2847cc-8a83-49ea-9720-d7964309644e",
    "data": [
      {
        "text": "what are your hobbies?",
        "userDefined": false
      }
    ],
    "isTemplate": false,
    "count": 0,
    "updated": 1543820711
  },
  {
    "id": "0746ff10-8052-4719-9b09-161d1c680c22",
    "data": [
      {
        "text": "what are your interest?",
        "userDefined": false
      }
    ],
    "isTemplate": false,
    "count": 0,
    "updated": 1543820711
  },
  {
    "id": "d976dd69-d79b-455e-a2c5-e705e7dbaa03",
    "data": [
      {
        "text": "what are you into?",
        "userDefined": false
      }
    ],
    "isTemplate": false,
    "count": 0,
    "updated": 1543820711
  }
]