[
  {
    "id": "fcb7f8df-68ae-4de5-a5f4-0684334341f8",
    "data": [
      {
        "text": "no",
        "meta": "@sys.ignore",
        "userDefined": false
      },
      {
        "text": " ",
        "userDefined": false
      },
      {
        "text": "drink",
        "alias": "allItem",
        "meta": "@all-item",
        "userDefined": true
      },
      {
        "text": " please",
        "userDefined": false
      }
    ],
    "isTemplate": false,
    "count": 0,
    "updated": 1544740115
  },
  {
    "id": "4ace21b8-d10b-48dc-a08f-ee54277bc910",
    "data": [
      {
        "text": "remove ",
        "userDefined": false
      },
      {
        "text": "cheeseburger with no onion",
        "alias": "allItem",
        "meta": "@all-item",
        "userDefined": true
      }
    ],
    "isTemplate": false,
    "count": 0,
    "updated": 1543785618
  },
  {
    "id": "feff6e4a-10cd-4468-ab11-ae2fa6a4f7ac",
    "data": [
      {
        "text": "Get rid of ",
        "userDefined": false
      },
      {
        "text": "1",
        "alias": "itemAmount",
        "meta": "@item-amount",
        "userDefined": false
      },
      {
        "text": " ",
        "userDefined": false
      },
      {
        "text": "animal style cheeseburger",
        "alias": "allItem",
        "meta": "@all-item",
        "userDefined": true
      }
    ],
    "isTemplate": false,
    "count": 0,
    "updated": 1543785618
  },
  {
    "id": "616be48c-ff62-462c-9d4e-c20e965b21e0",
    "data": [
      {
        "text": "no",
        "meta": "@sys.ignore",
        "userDefined": false
      },
      {
        "text": " ",
        "userDefined": false
      },
      {
        "text": "coke",
        "alias": "allItem",
        "meta": "@all-item",
        "userDefined": true
      }
    ],
    "isTemplate": false,
    "count": 0,
    "updated": 1543718596
  },
  {
    "id": "96cde0ac-bd1a-4aeb-af01-a6b675beb304",
    "data": [
      {
        "text": "get rid of ",
        "userDefined": false
      },
      {
        "text": "one",
        "alias": "itemAmount",
        "meta": "@item-amount",
        "userDefined": true
      },
      {
        "text": " of those ",
        "userDefined": false
      },
      {
        "text": "burgers",
        "alias": "allItem",
        "meta": "@all-item",
        "userDefined": true
      }
    ],
    "isTemplate": false,
    "count": 0,
    "updated": 1543484424
  },
  {
    "id": "7ad9c62f-0b41-48b9-9347-3648d5273958",
    "data": [
      {
        "text": "remove ",
        "userDefined": false
      },
      {
        "text": "a",
        "alias": "itemAmount",
        "meta": "@item-amount",
        "userDefined": true
      },
      {
        "text": " ",
        "userDefined": false
      },
      {
        "text": "hamburger",
        "alias": "allItem",
        "meta": "@all-item",
        "userDefined": true
      }
    ],
    "isTemplate": false,
    "count": 0,
    "updated": 1543456293
  },
  {
    "id": "5824c0e4-8a54-4568-be5f-e32ef1bf350f",
    "data": [
      {
        "text": "i don\u0027t want ",
        "userDefined": false
      },
      {
        "text": "1",
        "alias": "itemAmount",
        "meta": "@item-amount",
        "userDefined": false
      },
      {
        "text": " ",
        "userDefined": false
      },
      {
        "text": "fries",
        "alias": "allItem",
        "meta": "@all-item",
        "userDefined": true
      }
    ],
    "isTemplate": false,
    "count": 0,
    "updated": 1543371019
  },
  {
    "id": "6135b686-20f1-4452-8945-35195f2558fa",
    "data": [
      {
        "text": "i don\u0027t want the ",
        "userDefined": false
      },
      {
        "text": "coke",
        "alias": "allItem",
        "meta": "@all-item",
        "userDefined": true
      }
    ],
    "isTemplate": false,
    "count": 0,
    "updated": 1543366874
  },
  {
    "id": "eafe97fa-2c0f-41b3-bf59-c7409a27c5a6",
    "data": [
      {
        "text": "remove the ",
        "userDefined": false
      },
      {
        "text": "burger",
        "alias": "allItem",
        "meta": "@all-item",
        "userDefined": true
      }
    ],
    "isTemplate": false,
    "count": 0,
    "updated": 1543363199
  },
  {
    "id": "e7116f45-841f-4b18-ad9e-f7f0088ae813",
    "data": [
      {
        "text": "can you remove ",
        "userDefined": false
      },
      {
        "text": "2",
        "alias": "itemAmount",
        "meta": "@item-amount",
        "userDefined": true
      },
      {
        "text": " of the ",
        "userDefined": false
      },
      {
        "text": "burgers",
        "alias": "allItem",
        "meta": "@all-item",
        "userDefined": true
      },
      {
        "text": "?",
        "userDefined": false
      }
    ],
    "isTemplate": false,
    "count": 0,
    "updated": 1543484424
  },
  {
    "id": "c254e33b-ff35-4eeb-836c-0bb648e0a61e",
    "data": [
      {
        "text": "get rid of ",
        "userDefined": false
      },
      {
        "text": "one",
        "alias": "itemAmount",
        "meta": "@item-amount",
        "userDefined": true
      },
      {
        "text": " of the ",
        "userDefined": false
      },
      {
        "text": "burger",
        "alias": "allItem",
        "meta": "@all-item",
        "userDefined": true
      }
    ],
    "isTemplate": false,
    "count": 0,
    "updated": 1543484424
  },
  {
    "id": "1603d6b1-4699-436e-8821-95f78b2d436a",
    "data": [
      {
        "text": "one",
        "alias": "itemAmount",
        "meta": "@item-amount",
        "userDefined": true
      },
      {
        "text": " fewer ",
        "userDefined": false
      },
      {
        "text": "burger",
        "alias": "allItem",
        "meta": "@all-item",
        "userDefined": true
      }
    ],
    "isTemplate": false,
    "count": 0,
    "updated": 1543363199
  },
  {
    "id": "a6b530f9-ae90-41db-88a7-807055e2311b",
    "data": [
      {
        "text": "get rid of the ",
        "userDefined": false
      },
      {
        "text": "burger",
        "alias": "allItem",
        "meta": "@all-item",
        "userDefined": true
      }
    ],
    "isTemplate": false,
    "count": 0,
    "updated": 1543363199
  },
  {
    "id": "79d9ae16-1898-460c-9538-14a00c7114ac",
    "data": [
      {
        "text": "No ",
        "userDefined": false
      },
      {
        "text": "burger",
        "alias": "allItem",
        "meta": "@all-item",
        "userDefined": true
      },
      {
        "text": " anymore",
        "userDefined": false
      }
    ],
    "isTemplate": false,
    "count": 0,
    "updated": 1543363199
  },
  {
    "id": "513a92ce-1dec-4195-9bc9-1f56b5d950ae",
    "data": [
      {
        "text": "Sorry, I don\u0027t want ",
        "userDefined": false
      },
      {
        "text": "hamburger",
        "alias": "allItem",
        "meta": "@all-item",
        "userDefined": true
      },
      {
        "text": ".",
        "userDefined": false
      }
    ],
    "isTemplate": false,
    "count": 0,
    "updated": 1543363199
  }
]