[
  {
    "id": "ce5dcaf8-3706-47cc-bdf0-ef5a1e91519d",
    "data": [
      {
        "text": "Ciao!",
        "userDefined": false
      }
    ],
    "isTemplate": false,
    "count": 0,
    "updated": 1543862474
  },
  {
    "id": "51e8aae2-66ca-41f8-8914-b000af53b429",
    "data": [
      {
        "text": "take care",
        "userDefined": false
      }
    ],
    "isTemplate": false,
    "count": 0,
    "updated": 1543824399
  },
  {
    "id": "b826ec7f-4845-466d-a518-53ca17ab4364",
    "data": [
      {
        "text": "cheers",
        "userDefined": false
      }
    ],
    "isTemplate": false,
    "count": 0,
    "updated": 1543824399
  },
  {
    "id": "c1654096-9e99-416b-9c5c-7d2231a8b49b",
    "data": [
      {
        "text": "Ciao",
        "userDefined": false
      }
    ],
    "isTemplate": false,
    "count": 0,
    "updated": 1543703255
  },
  {
    "id": "2d510db5-286f-41b5-a00a-d7253c3f7130",
    "data": [
      {
        "text": "see ya",
        "userDefined": false
      }
    ],
    "isTemplate": false,
    "count": 0,
    "updated": 1543703255
  },
  {
    "id": "67f13d70-42bf-49dc-a316-756444129beb",
    "data": [
      {
        "text": "see you",
        "userDefined": false
      }
    ],
    "isTemplate": false,
    "count": 0,
    "updated": 1543551185
  },
  {
    "id": "209dd372-88b1-4d85-8dc5-f5b385ae931f",
    "data": [
      {
        "text": "goodbye",
        "userDefined": false
      }
    ],
    "isTemplate": false,
    "count": 0,
    "updated": 1542080406
  },
  {
    "id": "081e48f5-8865-4909-9cc1-d1aec8c14861",
    "data": [
      {
        "text": "see you later",
        "userDefined": false
      }
    ],
    "isTemplate": false,
    "count": 0,
    "updated": 1542080394
  },
  {
    "id": "2bfad274-c0f9-4e33-97d1-260db77a6e7c",
    "data": [
      {
        "text": "good-bye",
        "userDefined": false
      }
    ],
    "isTemplate": false,
    "count": 0,
    "updated": 1542080394
  },
  {
    "id": "e4c5e601-81f9-4a27-be11-fdd7cd5a7887",
    "data": [
      {
        "text": "bye",
        "userDefined": false
      }
    ],
    "isTemplate": false,
    "count": 0,
    "updated": 1542080394
  }
]