[
  {
    "id": "f1ca2d0f-0557-45f5-b03f-4ba7a6d0610a",
    "data": [
      {
        "text": "thanks a lot",
        "userDefined": false
      }
    ],
    "isTemplate": false,
    "count": 0,
    "updated": 1543703428
  },
  {
    "id": "e14868a8-331e-4c1f-9feb-d80e9f3a7a7c",
    "data": [
      {
        "text": "thank you very ",
        "userDefined": false
      },
      {
        "text": "much",
        "meta": "@sys.ignore",
        "userDefined": false
      }
    ],
    "isTemplate": false,
    "count": 0,
    "updated": 1543703428
  },
  {
    "id": "b0fb6005-0aff-4edf-9329-b59c7cdd0773",
    "data": [
      {
        "text": "thanks",
        "userDefined": false
      }
    ],
    "isTemplate": false,
    "count": 0,
    "updated": 1543393257
  },
  {
    "id": "b3c18bbc-e2e5-4244-812b-4758222fbafa",
    "data": [
      {
        "text": "thank you",
        "userDefined": false
      }
    ],
    "isTemplate": false,
    "count": 0,
    "updated": 1543393257
  }
]