[
  {
    "id": "05fbfce5-416c-4967-a181-5c9281623810",
    "data": [
      {
        "text": "i want nothing",
        "userDefined": false
      }
    ],
    "isTemplate": false,
    "count": 0,
    "updated": 1543823893
  },
  {
    "id": "8184fd29-b944-44c2-82a0-112464b68002",
    "data": [
      {
        "text": "no",
        "meta": "@sys.ignore",
        "userDefined": false
      },
      {
        "text": " no no",
        "userDefined": false
      }
    ],
    "isTemplate": false,
    "count": 0,
    "updated": 1543823893
  },
  {
    "id": "c3d70f8b-4b22-4135-8dbe-5e0651ffc3e3",
    "data": [
      {
        "text": "nah",
        "userDefined": false
      }
    ],
    "isTemplate": false,
    "count": 0,
    "updated": 1543823893
  },
  {
    "id": "17709d88-0db8-412b-88d0-e2d40bda053e",
    "data": [
      {
        "text": "nope",
        "userDefined": false
      }
    ],
    "isTemplate": false,
    "count": 0,
    "updated": 1543823893
  },
  {
    "id": "acb993a8-96ef-4ec1-8ce1-e17411481e99",
    "data": [
      {
        "text": "i don\u0027t want anything",
        "userDefined": false
      }
    ],
    "isTemplate": false,
    "count": 0,
    "updated": 1543714398
  },
  {
    "id": "53636b59-3832-4cb0-ab98-055d2130c573",
    "data": [
      {
        "text": "not at ",
        "userDefined": false
      },
      {
        "text": "all",
        "meta": "@sys.ignore",
        "userDefined": false
      }
    ],
    "isTemplate": false,
    "count": 0,
    "updated": 1543714398
  },
  {
    "id": "9c8d9fdc-e537-45a3-a03e-030fcd05571c",
    "data": [
      {
        "text": "no no",
        "userDefined": false
      }
    ],
    "isTemplate": false,
    "count": 0,
    "updated": 1543714398
  },
  {
    "id": "28d09f5d-bfdd-44d0-a82d-8bf2bf8c1dde",
    "data": [
      {
        "text": "no",
        "meta": "@sys.ignore",
        "userDefined": false
      }
    ],
    "isTemplate": false,
    "count": 0,
    "updated": 1543714398
  },
  {
    "id": "64ae6a34-eb1b-4c2c-9ce3-2dfef49d3ecd",
    "data": [
      {
        "text": "nothing",
        "userDefined": false
      }
    ],
    "isTemplate": false,
    "count": 0,
    "updated": 1543714398
  }
]