[
  {
    "id": "1d8b1bad-cb3b-4430-a627-4adb6e7259b0",
    "data": [
      {
        "text": "nothing",
        "userDefined": false
      }
    ],
    "isTemplate": false,
    "count": 0,
    "updated": 1543713405
  },
  {
    "id": "ac667278-d097-4ccd-82c3-3bcdd62e69a3",
    "data": [
      {
        "text": "i don\u0027t want the order",
        "userDefined": false
      }
    ],
    "isTemplate": false,
    "count": 0,
    "updated": 1543375876
  },
  {
    "id": "4cdb3cd1-598c-428a-aabd-14defe4820f4",
    "data": [
      {
        "text": "i don\u0027t want it anymore",
        "userDefined": false
      }
    ],
    "isTemplate": false,
    "count": 0,
    "updated": 1543375876
  },
  {
    "id": "5a997c5e-ca19-437d-8f25-fd0b84962432",
    "data": [
      {
        "text": "cancel order please",
        "userDefined": false
      }
    ],
    "isTemplate": false,
    "count": 0,
    "updated": 1543375876
  },
  {
    "id": "4815b119-5245-4a38-984a-8482a8d2f840",
    "data": [
      {
        "text": "i want the order to be cancelled",
        "userDefined": false
      }
    ],
    "isTemplate": false,
    "count": 0,
    "updated": 1542078808
  },
  {
    "id": "060398f2-53ed-4ee3-bd93-6999471593a3",
    "data": [
      {
        "text": "sorry i want to cancel my order",
        "userDefined": false
      }
    ],
    "isTemplate": false,
    "count": 0,
    "updated": 1542078808
  },
  {
    "id": "308262c0-c991-424a-baeb-bac5602f29eb",
    "data": [
      {
        "text": "No, I don\u0027t want it anymore.",
        "userDefined": false
      }
    ],
    "isTemplate": false,
    "count": 0,
    "updated": 1542067990
  }
]