[
  {
    "id": "1df2bbf5-5ee4-4f0d-850a-524ca8d349e2",
    "data": [
      {
        "text": "to go",
        "alias": "deliveryMethod",
        "meta": "@delivery-method",
        "userDefined": false
      },
      {
        "text": ", please",
        "userDefined": false
      }
    ],
    "isTemplate": false,
    "count": 0,
    "updated": 1543379420
  },
  {
    "id": "b78b38f5-6f95-4f92-8b87-f44fab606ca4",
    "data": [
      {
        "text": "to go",
        "alias": "deliveryMethod",
        "meta": "@delivery-method",
        "userDefined": false
      }
    ],
    "isTemplate": false,
    "count": 0,
    "updated": 1543379420
  },
  {
    "id": "7059d613-f2e4-4947-b30c-d82ec515d70e",
    "data": [
      {
        "text": "for here",
        "alias": "deliveryMethod",
        "meta": "@delivery-method",
        "userDefined": false
      }
    ],
    "isTemplate": false,
    "count": 0,
    "updated": 1543379420
  }
]