[
  {
    "id": "839fb2e0-0f13-4463-a5a4-396433dc834c",
    "data": [
      {
        "text": "strawberry",
        "alias": "shakeOption",
        "meta": "@shake-option",
        "userDefined": false
      }
    ],
    "isTemplate": false,
    "count": 0,
    "updated": 1543738760
  },
  {
    "id": "d035b1ff-a37f-40e0-ac7e-d1ee1e1ee8af",
    "data": [
      {
        "text": "vanilla",
        "alias": "shakeOption",
        "meta": "@shake-option",
        "userDefined": false
      }
    ],
    "isTemplate": false,
    "count": 0,
    "updated": 1543738760
  },
  {
    "id": "5d9b57db-bf1c-41a8-a6e7-9e4744dc8afc",
    "data": [
      {
        "text": "chocolate",
        "alias": "shakeOption",
        "meta": "@shake-option",
        "userDefined": false
      }
    ],
    "isTemplate": false,
    "count": 0,
    "updated": 1543738760
  }
]