[
  {
    "id": "85d6f01d-c733-4f42-a138-ad03a7c21520",
    "data": [
      {
        "text": "knock knock?",
        "userDefined": false
      }
    ],
    "isTemplate": false,
    "count": 0,
    "updated": 1544418531
  },
  {
    "id": "290e9edf-6165-4033-a801-4cda35da3c7e",
    "data": [
      {
        "text": "such ",
        "userDefined": false
      },
      {
        "text": "a",
        "meta": "@sys.ignore",
        "userDefined": false
      },
      {
        "text": " beautiful day",
        "userDefined": false
      }
    ],
    "isTemplate": false,
    "count": 0,
    "updated": 1543821995
  },
  {
    "id": "4dbe6cdc-bf2c-4f4a-b1a4-93c51d56cee4",
    "data": [
      {
        "text": "hi cutie",
        "userDefined": false
      }
    ],
    "isTemplate": false,
    "count": 0,
    "updated": 1543821791
  },
  {
    "id": "710ec299-580d-4d2d-8a8f-9fbfe255b639",
    "data": [
      {
        "text": ":P",
        "userDefined": false
      }
    ],
    "isTemplate": false,
    "count": 0,
    "updated": 1542080656
  },
  {
    "id": "f477c96b-29e3-47df-99fb-bc95225261fb",
    "data": [
      {
        "text": "😉",
        "userDefined": false
      }
    ],
    "isTemplate": false,
    "count": 0,
    "updated": 1543794300
  },
  {
    "id": "551b3f5e-14e7-4f83-9e91-4f6ad8520df2",
    "data": [
      {
        "text": "hi dude",
        "userDefined": false
      }
    ],
    "isTemplate": false,
    "count": 0,
    "updated": 1543710507
  },
  {
    "id": "933e97e8-bdc7-481f-b68a-d876cf7c81ec",
    "data": [
      {
        "text": "hi bro",
        "userDefined": false
      }
    ],
    "isTemplate": false,
    "count": 0,
    "updated": 1543710507
  },
  {
    "id": "e81d0e08-f428-48ad-8081-7e303044c176",
    "data": [
      {
        "text": "hey dude",
        "userDefined": false
      }
    ],
    "isTemplate": false,
    "count": 0,
    "updated": 1543710507
  },
  {
    "id": "071e338b-1a6a-4af0-82fb-ddb49c9f7f28",
    "data": [
      {
        "text": "hey bro",
        "userDefined": false
      }
    ],
    "isTemplate": false,
    "count": 0,
    "updated": 1543710507
  },
  {
    "id": "c92e8c0a-daad-418a-81c3-dc0676aaa41f",
    "data": [
      {
        "text": "hey you",
        "userDefined": false
      }
    ],
    "isTemplate": false,
    "count": 1,
    "updated": 1543617644
  },
  {
    "id": "1b8d29cc-9a8b-47a4-82e1-ebb31ab95e66",
    "data": [
      {
        "text": "☺",
        "userDefined": false
      }
    ],
    "isTemplate": false,
    "count": 0,
    "updated": 1542080656
  },
  {
    "id": "50428575-1c98-484b-a24d-17f123d9c3b2",
    "data": [
      {
        "text": "what are you up to?",
        "userDefined": false
      }
    ],
    "isTemplate": false,
    "count": 0,
    "updated": 1542078597
  },
  {
    "id": "96d4972a-3000-49b0-925e-d82eaf2a2bbf",
    "data": [
      {
        "text": "what\u0027s up?",
        "userDefined": false
      }
    ],
    "isTemplate": false,
    "count": 0,
    "updated": 1542078597
  },
  {
    "id": "0acbc609-568d-45f2-8885-015df6b08f5c",
    "data": [
      {
        "text": "just going to say hi",
        "userDefined": false
      }
    ],
    "isTemplate": false,
    "count": 0,
    "updated": 0
  },
  {
    "id": "e336e91f-2167-4810-9cc2-8ec5b2a1b170",
    "data": [
      {
        "text": "heya",
        "userDefined": false
      }
    ],
    "isTemplate": false,
    "count": 0,
    "updated": 0
  },
  {
    "id": "efd4c200-5d40-4094-b15e-0da511dcf0a7",
    "data": [
      {
        "text": "hello hi",
        "userDefined": false
      }
    ],
    "isTemplate": false,
    "count": 0,
    "updated": 0
  },
  {
    "id": "9e05803a-adf9-4468-b56f-47117f881ca7",
    "data": [
      {
        "text": "howdy",
        "userDefined": false
      }
    ],
    "isTemplate": false,
    "count": 0,
    "updated": 0
  },
  {
    "id": "139f79d8-b693-4228-b555-1fcad130397b",
    "data": [
      {
        "text": "hi there",
        "userDefined": false
      }
    ],
    "isTemplate": false,
    "count": 2,
    "updated": 0
  },
  {
    "id": "b9b088f3-b24b-4b29-b749-ac9b1846a78f",
    "data": [
      {
        "text": "s\u0027up",
        "userDefined": false
      }
    ],
    "isTemplate": false,
    "count": 0,
    "updated": 1543362116
  },
  {
    "id": "34930f65-9b5b-4567-a7c1-9fbef2bc32ca",
    "data": [
      {
        "text": "sup",
        "userDefined": false
      }
    ],
    "isTemplate": false,
    "count": 0,
    "updated": 1543362116
  },
  {
    "id": "62c541d5-e2dc-4c86-835e-f7c9b4166f90",
    "data": [
      {
        "text": "greetings",
        "userDefined": false
      }
    ],
    "isTemplate": false,
    "count": 0,
    "updated": 0
  },
  {
    "id": "afddea27-a9b9-463d-9fa2-807a8648b2fd",
    "data": [
      {
        "text": "hey",
        "userDefined": false
      }
    ],
    "isTemplate": false,
    "count": 0,
    "updated": 0
  },
  {
    "id": "833797bb-01b2-463b-a938-2c05aa9b2564",
    "data": [
      {
        "text": "long time no see",
        "userDefined": false
      }
    ],
    "isTemplate": false,
    "count": 0,
    "updated": 0
  },
  {
    "id": "8c52f5c4-ac41-4390-94fd-a4661e814d7a",
    "data": [
      {
        "text": "hello",
        "userDefined": false
      }
    ],
    "isTemplate": false,
    "count": 0,
    "updated": 0
  },
  {
    "id": "04425bf1-f0fa-4cc2-bdd8-f09c9da6eda9",
    "data": [
      {
        "text": "lovely day isn\u0027t it",
        "userDefined": false
      }
    ],
    "isTemplate": false,
    "count": 0,
    "updated": 0
  },
  {
    "id": "125a1d92-fe74-4738-b3ea-70e51efbf33f",
    "data": [
      {
        "text": "I greet you",
        "userDefined": false
      }
    ],
    "isTemplate": false,
    "count": 0,
    "updated": 0
  },
  {
    "id": "b44a51b8-71e6-4ad0-b98f-9ad498d7b96e",
    "data": [
      {
        "text": "hello again",
        "userDefined": false
      }
    ],
    "isTemplate": false,
    "count": 0,
    "updated": 0
  },
  {
    "id": "8556a727-d63d-4425-b5ef-44320288b99a",
    "data": [
      {
        "text": "hi",
        "userDefined": false
      }
    ],
    "isTemplate": false,
    "count": 0,
    "updated": 0
  },
  {
    "id": "0dbebe39-df47-4581-b28f-567c70c23fc4",
    "data": [
      {
        "text": "hello there",
        "userDefined": false
      }
    ],
    "isTemplate": false,
    "count": 0,
    "updated": 0
  },
  {
    "id": "a490a963-b1ee-47fb-b10d-6726d3a638fc",
    "data": [
      {
        "text": "how\u0027s going",
        "userDefined": false
      }
    ],
    "isTemplate": false,
    "count": 0,
    "updated": 1543362116
  },
  {
    "id": "70ff8177-2b1b-49f5-9ac1-029988154f79",
    "data": [
      {
        "text": "how are you doing",
        "userDefined": false
      }
    ],
    "isTemplate": false,
    "count": 0,
    "updated": 1543362116
  },
  {
    "id": "296491ec-974a-46c8-8f0f-7007b062a787",
    "data": [
      {
        "text": "hey there",
        "userDefined": false
      }
    ],
    "isTemplate": false,
    "count": 0,
    "updated": 0
  },
  {
    "id": "204566b1-d514-4d5a-a531-0f46f2da8317",
    "data": [
      {
        "text": "a good day",
        "userDefined": false
      }
    ],
    "isTemplate": false,
    "count": 0,
    "updated": 0
  }
]