[
  {
    "id": "be7d2c4d-c33a-4315-8d7d-40a1fef165e0",
    "data": [
      {
        "text": "nah",
        "userDefined": false
      }
    ],
    "isTemplate": false,
    "count": 0,
    "updated": 1544570038
  },
  {
    "id": "f7706cdc-7cfe-44e8-be3e-61b7adbc206b",
    "data": [
      {
        "text": "that\u0027s all",
        "userDefined": false
      }
    ],
    "isTemplate": false,
    "count": 0,
    "updated": 1541041706
  },
  {
    "id": "8f042877-2f9d-45fb-9000-1d036bb7be8b",
    "data": [
      {
        "text": "that\u0027s it",
        "userDefined": false
      }
    ],
    "isTemplate": false,
    "count": 0,
    "updated": 1541313193
  },
  {
    "id": "541c4701-7694-4cfd-b38b-8285afeb3919",
    "data": [
      {
        "text": "nah, that\u0027s it",
        "userDefined": false
      }
    ],
    "isTemplate": false,
    "count": 0,
    "updated": 1543285937
  },
  {
    "id": "aa9535e7-4187-4f08-b938-128025e4c6cc",
    "data": [
      {
        "text": "i\u0027m done",
        "userDefined": false
      }
    ],
    "isTemplate": false,
    "count": 0,
    "updated": 1543285937
  },
  {
    "id": "4c4c8c6f-f91b-4e15-b3b0-3e2deb574802",
    "data": [
      {
        "text": "that\u0027ll be all",
        "userDefined": false
      }
    ],
    "isTemplate": false,
    "count": 0,
    "updated": 1542961268
  },
  {
    "id": "d49c8622-4e95-486a-ad00-13558b280c8b",
    "data": [
      {
        "text": "that will be all",
        "userDefined": false
      }
    ],
    "isTemplate": false,
    "count": 0,
    "updated": 1542961268
  },
  {
    "id": "823dc469-ed1d-49d7-996e-062122049014",
    "data": [
      {
        "text": "awesome",
        "userDefined": false
      }
    ],
    "isTemplate": false,
    "count": 0,
    "updated": 1542068202
  },
  {
    "id": "0bbea9db-0dd2-4adf-bf42-c800bc65889d",
    "data": [
      {
        "text": "yes, that\u0027s perfect",
        "userDefined": false
      }
    ],
    "isTemplate": false,
    "count": 1,
    "updated": 1542068202
  },
  {
    "id": "f235c476-11ea-466d-9665-9edef3be9807",
    "data": [
      {
        "text": "that makes perfect",
        "userDefined": false
      }
    ],
    "isTemplate": false,
    "count": 0,
    "updated": 1541272530
  },
  {
    "id": "eea73f20-9ccc-4a78-af21-67e81be705c2",
    "data": [
      {
        "text": "nope",
        "userDefined": false
      }
    ],
    "isTemplate": false,
    "count": 0,
    "updated": 1541271937
  },
  {
    "id": "84a3cbf6-2946-48b0-af15-ffbb3ffab813",
    "data": [
      {
        "text": "that would be all",
        "userDefined": false
      }
    ],
    "isTemplate": false,
    "count": 0,
    "updated": 1541041706
  },
  {
    "id": "a215ff30-2fef-4bd9-b301-89ffa57bbb76",
    "data": [
      {
        "text": "no",
        "meta": "@sys.ignore",
        "userDefined": false
      },
      {
        "text": " thanks",
        "userDefined": false
      }
    ],
    "isTemplate": false,
    "count": 0,
    "updated": 1542068202
  },
  {
    "id": "7b51cb7d-243e-41e7-ac37-1baf5e37b0e6",
    "data": [
      {
        "text": "that is all",
        "userDefined": false
      }
    ],
    "isTemplate": false,
    "count": 1,
    "updated": 1541041706
  },
  {
    "id": "5e92ed05-73e8-4eed-afd7-e4b511aaad80",
    "data": [
      {
        "text": "nothing",
        "userDefined": false
      }
    ],
    "isTemplate": false,
    "count": 0,
    "updated": 1541041706
  },
  {
    "id": "ad403450-02c6-443d-81e6-64a9b2b46d75",
    "data": [
      {
        "text": "no",
        "meta": "@sys.ignore",
        "userDefined": false
      }
    ],
    "isTemplate": false,
    "count": 0,
    "updated": 1542068202
  }
]