[
  {
    "id": "0351393e-6a68-4978-aee1-6da2bab1cb97",
    "data": [
      {
        "text": "yup",
        "userDefined": false
      }
    ],
    "isTemplate": false,
    "count": 0,
    "updated": 1543619852
  },
  {
    "id": "5ff8be97-72ba-4e56-83b5-134dd4ffa8f5",
    "data": [
      {
        "text": "Yes",
        "userDefined": false
      }
    ],
    "isTemplate": false,
    "count": 0,
    "updated": 1543364207
  },
  {
    "id": "2039937b-55d7-492c-a8bf-5671082708c4",
    "data": [
      {
        "text": "lgtm",
        "userDefined": false
      }
    ],
    "isTemplate": false,
    "count": 0,
    "updated": 1543619852
  },
  {
    "id": "d6376fb4-57b1-4cb7-b882-3648d82c5f51",
    "data": [
      {
        "text": "looks good to me",
        "userDefined": false
      }
    ],
    "isTemplate": false,
    "count": 0,
    "updated": 1543619852
  },
  {
    "id": "eb349f8f-0950-4ee1-acc7-4ce9d7f3552e",
    "data": [
      {
        "text": "good",
        "userDefined": false
      }
    ],
    "isTemplate": false,
    "count": 0,
    "updated": 1543619852
  },
  {
    "id": "c75a5fef-a271-4293-a414-a2dd52090ef6",
    "data": [
      {
        "text": "sounds good",
        "userDefined": false
      }
    ],
    "isTemplate": false,
    "count": 1,
    "updated": 1543619852
  },
  {
    "id": "1b268fdf-4d14-466a-a8d0-2d46164d9bb3",
    "data": [
      {
        "text": "yeah",
        "userDefined": false
      }
    ],
    "isTemplate": false,
    "count": 0,
    "updated": 1543619852
  },
  {
    "id": "2ac884b0-dbc0-4665-b98d-a329d6012e0b",
    "data": [
      {
        "text": "y",
        "userDefined": false
      }
    ],
    "isTemplate": false,
    "count": 0,
    "updated": 1543367898
  },
  {
    "id": "cf15d52b-4e8f-48cd-836d-0741ec27bfab",
    "data": [
      {
        "text": "yap",
        "userDefined": false
      }
    ],
    "isTemplate": false,
    "count": 0,
    "updated": 1543367898
  },
  {
    "id": "c1fea9a3-c7d4-4010-8e40-72b2891b7083",
    "data": [
      {
        "text": "yep",
        "userDefined": false
      }
    ],
    "isTemplate": false,
    "count": 0,
    "updated": 1543367898
  },
  {
    "id": "e7d6eae0-c999-4c13-b853-6f2d02a684c6",
    "data": [
      {
        "text": "That\u0027s right",
        "userDefined": false
      }
    ],
    "isTemplate": false,
    "count": 0,
    "updated": 1543364207
  },
  {
    "id": "6b2863c6-09d0-4259-a4b7-95c0a146512e",
    "data": [
      {
        "text": "Perfect",
        "userDefined": false
      }
    ],
    "isTemplate": false,
    "count": 0,
    "updated": 1543364207
  },
  {
    "id": "d13af8bd-8a2e-4634-a952-4badef959927",
    "data": [
      {
        "text": "Correct",
        "userDefined": false
      }
    ],
    "isTemplate": false,
    "count": 0,
    "updated": 1543364207
  },
  {
    "id": "1105d461-7fe8-4860-8031-574167ae699a",
    "data": [
      {
        "text": "Right",
        "userDefined": false
      }
    ],
    "isTemplate": false,
    "count": 1,
    "updated": 1543364207
  }
]