[
  {
    "id": "38aeeed9-f7f8-48ed-9f69-f82a1dacbf94",
    "data": [
      {
        "text": "Incorrect",
        "userDefined": false
      }
    ],
    "isTemplate": false,
    "count": 0,
    "updated": 1543395648
  },
  {
    "id": "ec75ad7b-2327-4f75-bf77-321071fde304",
    "data": [
      {
        "text": "Wrong",
        "userDefined": false
      }
    ],
    "isTemplate": false,
    "count": 0,
    "updated": 1543395648
  },
  {
    "id": "33998a15-11b4-481a-9060-348463c8c9d7",
    "data": [
      {
        "text": "Nope",
        "userDefined": false
      }
    ],
    "isTemplate": false,
    "count": 0,
    "updated": 1543395648
  },
  {
    "id": "6dec5dc7-aae0-43d2-943a-fd4ae12114bb",
    "data": [
      {
        "text": "Nah",
        "userDefined": false
      }
    ],
    "isTemplate": false,
    "count": 0,
    "updated": 1543395648
  },
  {
    "id": "016da580-1340-4efc-9474-abd67a793e4c",
    "data": [
      {
        "text": "No",
        "meta": "@sys.ignore",
        "userDefined": false
      }
    ],
    "isTemplate": false,
    "count": 0,
    "updated": 1543395648
  }
]