[
  {
    "id": "1e4f48fb-1483-4ef8-a2f8-eb45ab52b3fe",
    "data": [
      {
        "text": "please make it ",
        "userDefined": false
      },
      {
        "text": "two",
        "alias": "itemAmount",
        "meta": "@item-amount",
        "userDefined": false
      }
    ],
    "isTemplate": false,
    "count": 0,
    "updated": 1544836467
  },
  {
    "id": "4baded7f-f58f-4269-9198-73db0587212d",
    "data": [
      {
        "text": "5",
        "alias": "itemAmount",
        "meta": "@item-amount",
        "userDefined": false
      },
      {
        "text": " please",
        "userDefined": false
      }
    ],
    "isTemplate": false,
    "count": 0,
    "updated": 1544525924
  },
  {
    "id": "efd5a5e7-15a4-45b3-a3f6-d285275978ca",
    "data": [
      {
        "text": "i want ",
        "userDefined": false
      },
      {
        "text": "3",
        "alias": "itemAmount",
        "meta": "@item-amount",
        "userDefined": false
      }
    ],
    "isTemplate": false,
    "count": 0,
    "updated": 1544525924
  },
  {
    "id": "f9d860b7-f4c1-441f-8875-2142fb6e7767",
    "data": [
      {
        "text": "make it ",
        "userDefined": false
      },
      {
        "text": "two",
        "alias": "itemAmount",
        "meta": "@item-amount",
        "userDefined": false
      }
    ],
    "isTemplate": false,
    "count": 0,
    "updated": 1544525924
  }
]