[
  {
    "id": "e6373be9-545c-4b84-a4d2-52a330f9cb93",
    "data": [
      {
        "text": "u2",
        "meta": "@sys.ignore",
        "userDefined": false
      }
    ],
    "isTemplate": false,
    "count": 0,
    "updated": 1543718262
  },
  {
    "id": "830ff133-5ad3-431f-97de-bfde26a98a68",
    "data": [
      {
        "text": "u ",
        "userDefined": false
      },
      {
        "text": "2",
        "meta": "@sys.ignore",
        "userDefined": false
      }
    ],
    "isTemplate": false,
    "count": 0,
    "updated": 1543718262
  },
  {
    "id": "fa86c76c-bdcf-4db4-bb85-04944e9b0255",
    "data": [
      {
        "text": "you too",
        "userDefined": false
      }
    ],
    "isTemplate": false,
    "count": 0,
    "updated": 1543718262
  }
]