[
  {
    "id": "994b77ff-87c8-4a73-b2d9-c0fa0c17e9f9",
    "data": [
      {
        "text": "can i get ",
        "userDefined": false
      },
      {
        "text": "a burger",
        "alias": "allProduct",
        "meta": "@all-product",
        "userDefined": false
      },
      {
        "text": "?",
        "userDefined": false
      }
    ],
    "isTemplate": false,
    "count": 0,
    "updated": 1544834868
  },
  {
    "id": "f8b6cd2c-b2c0-4bd1-9ebc-96699af70d21",
    "data": [
      {
        "text": "can i get ",
        "userDefined": false
      },
      {
        "text": "some burgers",
        "alias": "allProduct",
        "meta": "@all-product",
        "userDefined": false
      },
      {
        "text": "?",
        "userDefined": false
      }
    ],
    "isTemplate": false,
    "count": 0,
    "updated": 1544834868
  },
  {
    "id": "b2c276b1-80df-4f29-a19c-0318ce41305f",
    "data": [
      {
        "text": "i want ",
        "userDefined": false
      },
      {
        "text": "a well done fry",
        "alias": "allProduct",
        "meta": "@all-product",
        "userDefined": true
      }
    ],
    "isTemplate": false,
    "count": 0,
    "updated": 1544821023
  },
  {
    "id": "1ec38a47-7fa7-4ca5-ae8d-aa58b77ecf9a",
    "data": [
      {
        "text": "may i have ",
        "userDefined": false
      },
      {
        "text": "a well done fry",
        "alias": "allProduct",
        "meta": "@all-product",
        "userDefined": false
      },
      {
        "text": "?",
        "userDefined": false
      }
    ],
    "isTemplate": false,
    "count": 0,
    "updated": 1544821023
  },
  {
    "id": "b0d8b79d-68b2-4213-bf06-7b4fae0b0c70",
    "data": [
      {
        "text": "i\u0027d like to order ",
        "userDefined": false
      },
      {
        "text": "a hamburger",
        "alias": "allProduct",
        "meta": "@all-product",
        "userDefined": false
      }
    ],
    "isTemplate": false,
    "count": 0,
    "updated": 1544818841
  },
  {
    "id": "0d0c2118-e46b-42a6-be62-0754c82a328e",
    "data": [
      {
        "text": "i want to ",
        "userDefined": false
      },
      {
        "text": "drink",
        "meta": "@sys.ignore",
        "userDefined": false
      },
      {
        "text": " ",
        "userDefined": false
      },
      {
        "text": "some tea",
        "alias": "allProduct",
        "meta": "@all-product",
        "userDefined": false
      }
    ],
    "isTemplate": false,
    "count": 0,
    "updated": 1544610909
  },
  {
    "id": "bee2b7be-722e-44c1-be9d-686c3ce878c2",
    "data": [
      {
        "text": "i want to ",
        "userDefined": false
      },
      {
        "text": "have",
        "meta": "@sys.ignore",
        "userDefined": false
      },
      {
        "text": " ",
        "userDefined": false
      },
      {
        "text": "some burger",
        "alias": "allProduct",
        "meta": "@all-product",
        "userDefined": false
      }
    ],
    "isTemplate": false,
    "count": 0,
    "updated": 1544610909
  },
  {
    "id": "f13c3579-715c-4081-86d1-ef5812b7ac73",
    "data": [
      {
        "text": "i want to ",
        "userDefined": false
      },
      {
        "text": "eat",
        "alias": "customerNeed",
        "meta": "@customer-need",
        "userDefined": false
      },
      {
        "text": " ",
        "userDefined": false
      },
      {
        "text": "some burger",
        "alias": "allProduct",
        "meta": "@all-product",
        "userDefined": false
      }
    ],
    "isTemplate": false,
    "count": 0,
    "updated": 1544610909
  },
  {
    "id": "12f0d7c5-d0c9-4796-9b77-527e008a75fc",
    "data": [
      {
        "text": "may i have ",
        "userDefined": false
      },
      {
        "text": "a burger",
        "alias": "allProduct",
        "meta": "@all-product",
        "userDefined": false
      },
      {
        "text": "?",
        "userDefined": false
      }
    ],
    "isTemplate": false,
    "count": 0,
    "updated": 1544600950
  },
  {
    "id": "7e72f432-62f5-425d-938e-297683bd735d",
    "data": [
      {
        "text": "a burger",
        "alias": "allProduct",
        "meta": "@all-product",
        "userDefined": false
      },
      {
        "text": " please",
        "userDefined": false
      }
    ],
    "isTemplate": false,
    "count": 0,
    "updated": 1544560062
  },
  {
    "id": "2eb6affa-963b-4877-a89c-f924b681e901",
    "data": [
      {
        "text": "give me ",
        "userDefined": false
      },
      {
        "text": "a burger",
        "alias": "allProduct",
        "meta": "@all-product",
        "userDefined": false
      }
    ],
    "isTemplate": false,
    "count": 0,
    "updated": 1544560062
  },
  {
    "id": "500790ef-62d7-49f0-aaa1-0c83ea1461a9",
    "data": [
      {
        "text": "i would like ",
        "userDefined": false
      },
      {
        "text": "fries animal style",
        "alias": "allProduct",
        "meta": "@all-product",
        "userDefined": false
      }
    ],
    "isTemplate": false,
    "count": 0,
    "updated": 1544075879
  },
  {
    "id": "ebe4c784-871e-4449-9f40-1a644930ee31",
    "data": [
      {
        "text": "just ",
        "userDefined": false
      },
      {
        "text": "a hamburger",
        "alias": "allProduct",
        "meta": "@all-product",
        "userDefined": false
      }
    ],
    "isTemplate": false,
    "count": 0,
    "updated": 1543798899
  },
  {
    "id": "af933cfa-f81c-4131-842b-2e55770d5882",
    "data": [
      {
        "text": "hi i want ",
        "userDefined": false
      },
      {
        "text": "a coffee",
        "alias": "allProduct",
        "meta": "@all-product",
        "userDefined": true
      },
      {
        "text": " ",
        "userDefined": false
      },
      {
        "text": "to go",
        "alias": "deliveryMethod",
        "meta": "@delivery-method",
        "userDefined": true
      }
    ],
    "isTemplate": false,
    "count": 0,
    "updated": 1543794723
  },
  {
    "id": "ff72aa99-e775-4b8b-801c-33f4c12032b8",
    "data": [
      {
        "text": "i\u0027d like ",
        "userDefined": false
      },
      {
        "text": "a coffee",
        "alias": "allProduct",
        "meta": "@all-product",
        "userDefined": false
      },
      {
        "text": " ",
        "userDefined": false
      },
      {
        "text": "to go",
        "alias": "deliveryMethod",
        "meta": "@delivery-method",
        "userDefined": false
      }
    ],
    "isTemplate": false,
    "count": 0,
    "updated": 1543734729
  },
  {
    "id": "78ab9f15-7453-4595-9402-8ee890184948",
    "data": [
      {
        "text": "one burger",
        "alias": "allProduct",
        "meta": "@all-product",
        "userDefined": true
      },
      {
        "text": " to ",
        "userDefined": false
      },
      {
        "text": "take out",
        "alias": "deliveryMethod",
        "meta": "@delivery-method",
        "userDefined": true
      }
    ],
    "isTemplate": false,
    "count": 0,
    "updated": 1543716860
  },
  {
    "id": "952d55b9-d525-4f90-8330-8dec50423da5",
    "data": [
      {
        "text": "can i ",
        "userDefined": false
      },
      {
        "text": "take out",
        "alias": "deliveryMethod",
        "meta": "@delivery-method",
        "userDefined": false
      },
      {
        "text": " ",
        "userDefined": false
      },
      {
        "text": "one coffee",
        "alias": "allProduct",
        "meta": "@all-product",
        "userDefined": false
      },
      {
        "text": "?",
        "userDefined": false
      }
    ],
    "isTemplate": false,
    "count": 0,
    "updated": 1543716362
  },
  {
    "id": "581690dd-332b-46a1-85f6-9fc3b249785b",
    "data": [
      {
        "text": "may i have ",
        "userDefined": false
      },
      {
        "text": "a coffee",
        "alias": "allProduct",
        "meta": "@all-product",
        "userDefined": false
      },
      {
        "text": " ",
        "userDefined": false
      },
      {
        "text": "for here",
        "alias": "deliveryMethod",
        "meta": "@delivery-method",
        "userDefined": false
      },
      {
        "text": "?",
        "userDefined": false
      }
    ],
    "isTemplate": false,
    "count": 0,
    "updated": 1543694409
  },
  {
    "id": "c288c5b9-a669-4f72-99f9-49f251e86312",
    "data": [
      {
        "text": "i would like ",
        "userDefined": false
      },
      {
        "text": "a burger",
        "alias": "allProduct",
        "meta": "@all-product",
        "userDefined": false
      },
      {
        "text": " ",
        "userDefined": false
      },
      {
        "text": "to go",
        "alias": "deliveryMethod",
        "meta": "@delivery-method",
        "userDefined": false
      },
      {
        "text": " please",
        "userDefined": false
      }
    ],
    "isTemplate": false,
    "count": 0,
    "updated": 1543694409
  },
  {
    "id": "466639b5-034b-4e5e-afc0-1a9740b79e29",
    "data": [
      {
        "text": "can i have ",
        "userDefined": false
      },
      {
        "text": "burger",
        "alias": "allProduct",
        "meta": "@all-product",
        "userDefined": false
      }
    ],
    "isTemplate": false,
    "count": 0,
    "updated": 1543618051
  },
  {
    "id": "7c841269-5355-49e3-884e-5c4c5f3913fd",
    "data": [
      {
        "text": "i need ",
        "userDefined": false
      },
      {
        "text": "water",
        "alias": "allProduct",
        "meta": "@all-product",
        "userDefined": true
      }
    ],
    "isTemplate": false,
    "count": 0,
    "updated": 1543487510
  },
  {
    "id": "958689a8-1f80-4ae4-b3d0-3b07e0980cc0",
    "data": [
      {
        "text": "i want ",
        "userDefined": false
      },
      {
        "text": "a burger",
        "alias": "allProduct",
        "meta": "@all-product",
        "userDefined": true
      }
    ],
    "isTemplate": false,
    "count": 0,
    "updated": 1543391993
  },
  {
    "id": "49dfe39a-9fd1-4042-a377-5a42b2ab8bbe",
    "data": [
      {
        "text": "can i have ",
        "userDefined": false
      },
      {
        "text": "a hamburger with more veggies",
        "alias": "allProduct",
        "meta": "@all-product",
        "userDefined": true
      },
      {
        "text": " but no onions",
        "userDefined": false
      }
    ],
    "isTemplate": false,
    "count": 0,
    "updated": 1543369351
  },
  {
    "id": "cf8fdc0e-0482-4ba2-b034-4f2a10d8309f",
    "data": [
      {
        "text": "i\u0027d like to have ",
        "userDefined": false
      },
      {
        "text": "a cheeseburger animal style",
        "alias": "allProduct",
        "meta": "@all-product",
        "userDefined": false
      }
    ],
    "isTemplate": false,
    "count": 0,
    "updated": 1543277380
  },
  {
    "id": "9c7c1ec8-2aa1-46ec-9f6f-864949fa8f68",
    "data": [
      {
        "text": "can i have ",
        "userDefined": false
      },
      {
        "text": "a hamburger animal style with extra veggies",
        "alias": "allProduct",
        "meta": "@all-product",
        "userDefined": true
      },
      {
        "text": "?",
        "userDefined": false
      }
    ],
    "isTemplate": false,
    "count": 0,
    "updated": 1543275707
  },
  {
    "id": "6b952ad1-8f3f-48fd-a61a-bcef0c04bdd3",
    "data": [
      {
        "text": "may i have ",
        "userDefined": false
      },
      {
        "text": "an animal style cheeseburger with extra veggies",
        "alias": "allProduct",
        "meta": "@all-product",
        "userDefined": true
      },
      {
        "text": " and no onion, ",
        "userDefined": false
      },
      {
        "text": "two fries",
        "alias": "allProduct",
        "meta": "@all-product",
        "userDefined": false
      },
      {
        "text": ", and ",
        "userDefined": false
      },
      {
        "text": "3 large cokes",
        "alias": "allProduct",
        "meta": "@all-product",
        "userDefined": false
      },
      {
        "text": "?",
        "userDefined": false
      }
    ],
    "isTemplate": false,
    "count": 0,
    "updated": 1543369351
  },
  {
    "id": "f4525bc7-5bac-4140-a919-8dd564037b18",
    "data": [
      {
        "text": "can i have ",
        "userDefined": false
      },
      {
        "text": "a hamburger",
        "alias": "allProduct",
        "meta": "@all-product",
        "userDefined": false
      },
      {
        "text": " and ",
        "userDefined": false
      },
      {
        "text": "a shake",
        "alias": "allProduct",
        "meta": "@all-product",
        "userDefined": true
      },
      {
        "text": "?",
        "userDefined": false
      }
    ],
    "isTemplate": false,
    "count": 0,
    "updated": 1543175443
  },
  {
    "id": "53824493-ddf8-424e-90b1-990f0f20dda3",
    "data": [
      {
        "text": "may i have ",
        "userDefined": false
      },
      {
        "text": "a coke",
        "alias": "allProduct",
        "meta": "@all-product",
        "userDefined": true
      },
      {
        "text": "?",
        "userDefined": false
      }
    ],
    "isTemplate": false,
    "count": 0,
    "updated": 1542825854
  },
  {
    "id": "38ebc5e4-563b-44c2-9ca9-1cc6c2b83246",
    "data": [
      {
        "text": "may i have ",
        "userDefined": false
      },
      {
        "text": "shake",
        "alias": "allProduct",
        "meta": "@all-product",
        "userDefined": true
      },
      {
        "text": "?",
        "userDefined": false
      }
    ],
    "isTemplate": false,
    "count": 0,
    "updated": 1542825854
  },
  {
    "id": "88eff635-e071-4ef7-a2a2-43153cf0e313",
    "data": [
      {
        "text": "can i have ",
        "userDefined": false
      },
      {
        "text": "shake",
        "alias": "allProduct",
        "meta": "@all-product",
        "userDefined": true
      },
      {
        "text": "?",
        "userDefined": false
      }
    ],
    "isTemplate": false,
    "count": 0,
    "updated": 1542825854
  },
  {
    "id": "ab98757c-d4e0-420e-b7ef-16eeea474973",
    "data": [
      {
        "text": "can i have ",
        "userDefined": false
      },
      {
        "text": "a coke",
        "alias": "allProduct",
        "meta": "@all-product",
        "userDefined": false
      },
      {
        "text": "?",
        "userDefined": false
      }
    ],
    "isTemplate": false,
    "count": 0,
    "updated": 1542824902
  },
  {
    "id": "3976f609-e817-4d69-b71d-cb1a23b0c8e7",
    "data": [
      {
        "text": "can i have ",
        "userDefined": false
      },
      {
        "text": "one fry",
        "alias": "allProduct",
        "meta": "@all-product",
        "userDefined": true
      },
      {
        "text": " and ",
        "userDefined": false
      },
      {
        "text": "3 cheeseburger",
        "alias": "allProduct",
        "meta": "@all-product",
        "userDefined": true
      },
      {
        "text": "?",
        "userDefined": false
      }
    ],
    "isTemplate": false,
    "count": 0,
    "updated": 1542671404
  },
  {
    "id": "de455747-2cd4-49c6-ba89-c9009b77399b",
    "data": [
      {
        "text": "a well done fry",
        "alias": "allProduct",
        "meta": "@all-product",
        "userDefined": true
      }
    ],
    "isTemplate": false,
    "count": 0,
    "updated": 1542608186
  },
  {
    "id": "0ee9cd0e-e9f2-49c9-a199-57aaa84cb1e0",
    "data": [
      {
        "text": "can i have ",
        "userDefined": false
      },
      {
        "text": "an animal style cheeseburger",
        "alias": "allProduct",
        "meta": "@all-product",
        "userDefined": true
      },
      {
        "text": "?",
        "userDefined": false
      }
    ],
    "isTemplate": false,
    "count": 0,
    "updated": 1542608186
  },
  {
    "id": "f8a4e77e-5578-4d5f-99e9-8a37acbf7bef",
    "data": [
      {
        "text": "i would like to order ",
        "userDefined": false
      },
      {
        "text": "a burger",
        "alias": "allProduct",
        "meta": "@all-product",
        "userDefined": true
      }
    ],
    "isTemplate": false,
    "count": 0,
    "updated": 1542608186
  },
  {
    "id": "21abcd76-e760-4f41-8526-ce7334d2f3ba",
    "data": [
      {
        "text": "can i have ",
        "userDefined": false
      },
      {
        "text": "a cheeseburger",
        "alias": "allProduct",
        "meta": "@all-product",
        "userDefined": true
      },
      {
        "text": "?",
        "userDefined": false
      }
    ],
    "isTemplate": false,
    "count": 1,
    "updated": 1542608186
  },
  {
    "id": "f10ba8e7-6ed5-4f44-abcc-8d0a2560b6fd",
    "data": [
      {
        "text": "do you have ",
        "userDefined": false
      },
      {
        "text": "cheeseburger",
        "alias": "allProduct",
        "meta": "@all-product",
        "userDefined": true
      },
      {
        "text": "?",
        "userDefined": false
      }
    ],
    "isTemplate": false,
    "count": 0,
    "updated": 1542062657
  },
  {
    "id": "8252ca13-ad88-416e-80c5-0968039e1f6e",
    "data": [
      {
        "text": "I\u0027m ",
        "userDefined": false
      },
      {
        "text": "dehydrated",
        "alias": "customerNeed",
        "meta": "@customer-need",
        "userDefined": true
      },
      {
        "text": "!",
        "userDefined": false
      }
    ],
    "isTemplate": false,
    "count": 0,
    "updated": 1543313417
  },
  {
    "id": "24d18ee9-4680-450e-8f9f-b4f30f0eb329",
    "data": [
      {
        "text": "I\u0027m ",
        "userDefined": false
      },
      {
        "text": "starving",
        "alias": "customerNeed",
        "meta": "@customer-need",
        "userDefined": true
      },
      {
        "text": "!",
        "userDefined": false
      }
    ],
    "isTemplate": false,
    "count": 0,
    "updated": 1543313533
  },
  {
    "id": "4f9138e3-681b-4705-ba19-3c6f64ce03ab",
    "data": [
      {
        "text": "I\u0027d like something to ",
        "userDefined": false
      },
      {
        "text": "drink",
        "alias": "customerNeed",
        "meta": "@customer-need",
        "userDefined": true
      }
    ],
    "isTemplate": false,
    "count": 0,
    "updated": 1543313533
  },
  {
    "id": "78fec805-a6a5-4526-8f00-3c27ad4daf7d",
    "data": [
      {
        "text": "I\u0027d like something to ",
        "userDefined": false
      },
      {
        "text": "eat",
        "alias": "customerNeed",
        "meta": "@customer-need",
        "userDefined": true
      }
    ],
    "isTemplate": false,
    "count": 0,
    "updated": 1543313533
  },
  {
    "id": "ad503cf9-d1dc-4226-b277-c5ef5f0bda8e",
    "data": [
      {
        "text": "I want to order ",
        "userDefined": false
      },
      {
        "text": "cheese fries",
        "alias": "allProduct",
        "meta": "@all-product",
        "userDefined": false
      },
      {
        "text": " and ",
        "userDefined": false
      },
      {
        "text": "animal style fries",
        "alias": "allProduct",
        "meta": "@all-product",
        "userDefined": false
      }
    ],
    "isTemplate": false,
    "count": 0,
    "updated": 1544129474
  },
  {
    "id": "2791679b-da33-45c3-b48e-8be46bf216e1",
    "data": [
      {
        "text": "i\u0027d like to order ",
        "userDefined": false
      },
      {
        "text": "some",
        "meta": "@sys.ignore",
        "userDefined": false
      },
      {
        "text": " ",
        "userDefined": false
      },
      {
        "text": "food",
        "alias": "customerNeed",
        "meta": "@customer-need",
        "userDefined": true
      }
    ],
    "isTemplate": false,
    "count": 0,
    "updated": 1543313533
  },
  {
    "id": "7072bbce-aa4f-41ef-8ae5-67a8227a4fb1",
    "data": [
      {
        "text": "i wanna order ",
        "userDefined": false
      },
      {
        "text": "some",
        "meta": "@sys.ignore",
        "userDefined": false
      },
      {
        "text": " ",
        "userDefined": false
      },
      {
        "text": "food",
        "alias": "customerNeed",
        "meta": "@customer-need",
        "userDefined": true
      }
    ],
    "isTemplate": false,
    "count": 0,
    "updated": 1543313533
  },
  {
    "id": "c46edadd-d9b8-4da8-8965-7e7626bee6c4",
    "data": [
      {
        "text": "i want ",
        "userDefined": false
      },
      {
        "text": "fries",
        "alias": "allProduct",
        "meta": "@all-product",
        "userDefined": false
      },
      {
        "text": " and ",
        "userDefined": false
      },
      {
        "text": "a burger",
        "alias": "allProduct",
        "meta": "@all-product",
        "userDefined": true
      }
    ],
    "isTemplate": false,
    "count": 0,
    "updated": 1542868092
  },
  {
    "id": "a3318806-21db-477a-9095-af39204aaa41",
    "data": [
      {
        "text": "I\u0027d like ",
        "userDefined": false
      },
      {
        "text": "fries",
        "alias": "allProduct",
        "meta": "@all-product",
        "userDefined": false
      }
    ],
    "isTemplate": false,
    "count": 0,
    "updated": 1542868092
  },
  {
    "id": "ed9c6fff-d1f6-4d4a-b49f-374a8df8e16a",
    "data": [
      {
        "text": "I\u0027m ",
        "userDefined": false
      },
      {
        "text": "thirsty",
        "alias": "customerNeed",
        "meta": "@customer-need",
        "userDefined": true
      }
    ],
    "isTemplate": false,
    "count": 0,
    "updated": 1543313533
  },
  {
    "id": "ef26ff04-cc59-476c-9a6d-875c70653652",
    "data": [
      {
        "text": "burger",
        "alias": "allProduct",
        "meta": "@all-product",
        "userDefined": true
      }
    ],
    "isTemplate": false,
    "count": 0,
    "updated": 1542078013
  },
  {
    "id": "c5b6c577-805f-4b65-af54-5d8c9c5e2ca4",
    "data": [
      {
        "text": "I\u0027m ",
        "userDefined": false
      },
      {
        "text": "hungry",
        "alias": "customerNeed",
        "meta": "@customer-need",
        "userDefined": true
      }
    ],
    "isTemplate": false,
    "count": 0,
    "updated": 1543313533
  },
  {
    "id": "aa98b125-5e1e-4da2-be6c-d8f3475d7651",
    "data": [
      {
        "text": "may i have ",
        "userDefined": false
      },
      {
        "text": "an animal style cheeseburger",
        "alias": "allProduct",
        "meta": "@all-product",
        "userDefined": true
      },
      {
        "text": "?",
        "userDefined": false
      }
    ],
    "isTemplate": false,
    "count": 0,
    "updated": 1542608186
  },
  {
    "id": "db60bf79-b31d-40aa-ae40-8971f4877d63",
    "data": [
      {
        "text": "can i have ",
        "userDefined": false
      },
      {
        "text": "a fry",
        "alias": "allProduct",
        "meta": "@all-product",
        "userDefined": true
      },
      {
        "text": "?",
        "userDefined": false
      }
    ],
    "isTemplate": false,
    "count": 0,
    "updated": 1542788713
  },
  {
    "id": "6111ac20-34e5-4517-87d3-02f61fe91e77",
    "data": [
      {
        "text": "i want ",
        "userDefined": false
      },
      {
        "text": "a cheeseburger with more veggies",
        "alias": "allProduct",
        "meta": "@all-product",
        "userDefined": true
      },
      {
        "text": ".",
        "userDefined": false
      }
    ],
    "isTemplate": false,
    "count": 0,
    "updated": 1542608186
  },
  {
    "id": "10a54d5b-15ae-4e92-b395-2ca0e472efe7",
    "data": [
      {
        "text": "1 cheeseburger",
        "alias": "allProduct",
        "meta": "@all-product",
        "userDefined": true
      },
      {
        "text": " please",
        "userDefined": false
      }
    ],
    "isTemplate": false,
    "count": 0,
    "updated": 1542608186
  },
  {
    "id": "d084ff5e-bb87-4598-81a4-8f5a2ff2d8ef",
    "data": [
      {
        "text": "can I have ",
        "userDefined": false
      },
      {
        "text": "2 burgers",
        "alias": "allProduct",
        "meta": "@all-product",
        "userDefined": true
      },
      {
        "text": " and ",
        "userDefined": false
      },
      {
        "text": "fries",
        "alias": "allProduct",
        "meta": "@all-product",
        "userDefined": true
      },
      {
        "text": "?",
        "userDefined": false
      }
    ],
    "isTemplate": false,
    "count": 0,
    "updated": 1542671404
  },
  {
    "id": "8794b099-3266-4f9b-9b4b-b5f3a056d1e3",
    "data": [
      {
        "text": "I would like to have ",
        "userDefined": false
      },
      {
        "text": "a burger",
        "alias": "allProduct",
        "meta": "@all-product",
        "userDefined": true
      }
    ],
    "isTemplate": false,
    "count": 0,
    "updated": 1542608186
  },
  {
    "id": "b3381127-264f-4588-b389-cdeef5ed26f5",
    "data": [
      {
        "text": "can I get ",
        "userDefined": false
      },
      {
        "text": "2 burgers",
        "alias": "allProduct",
        "meta": "@all-product",
        "userDefined": true
      }
    ],
    "isTemplate": false,
    "count": 0,
    "updated": 1542608186
  },
  {
    "id": "8702d7fb-fa71-4ee8-80c8-66c5c639830e",
    "data": [
      {
        "text": "I\u0027ll have ",
        "userDefined": false
      },
      {
        "text": "a vanilla shake",
        "alias": "allProduct",
        "meta": "@all-product",
        "userDefined": true
      }
    ],
    "isTemplate": false,
    "count": 0,
    "updated": 1542608186
  }
]