[
  {
    "id": "91fcc250-94bf-4d28-a958-48bdb0081728",
    "data": [
      {
        "text": "Are you open now?",
        "userDefined": false
      }
    ],
    "isTemplate": false,
    "count": 0,
    "updated": 1540773831
  },
  {
    "id": "a7d09c06-06bb-425b-89ae-850c33bdc5c9",
    "data": [
      {
        "text": "What time do you open tomorrow?",
        "userDefined": false
      }
    ],
    "isTemplate": false,
    "count": 0,
    "updated": 1540773831
  },
  {
    "id": "50448570-d0bd-4956-9c5e-2625b13271d1",
    "data": [
      {
        "text": "How early can I drop in?",
        "userDefined": false
      }
    ],
    "isTemplate": false,
    "count": 0,
    "updated": 1540773831
  },
  {
    "id": "90bf4764-4ba3-48db-9056-084ab886114d",
    "data": [
      {
        "text": "Are you open today?",
        "userDefined": false
      }
    ],
    "isTemplate": false,
    "count": 0,
    "updated": 1540773831
  },
  {
    "id": "5a3694a1-12d6-4ec7-a9d9-09a0686ace64",
    "data": [
      {
        "text": "How late can I come in?",
        "userDefined": false
      }
    ],
    "isTemplate": false,
    "count": 0,
    "updated": 1540773831
  },
  {
    "id": "ec1fa9a0-99bd-45ff-ae7c-2efb70cb56bf",
    "data": [
      {
        "text": "What are your hours?",
        "userDefined": false
      }
    ],
    "isTemplate": false,
    "count": 0,
    "updated": 1540773831
  },
  {
    "id": "10fc42be-acaf-4e9c-965e-61924b284023",
    "data": [
      {
        "text": "Tell me your opening hours",
        "userDefined": false
      }
    ],
    "isTemplate": false,
    "count": 0,
    "updated": 1540773831
  },
  {
    "id": "42f67db1-0bc4-4db5-a089-7475496104be",
    "data": [
      {
        "text": "Business hours",
        "userDefined": false
      }
    ],
    "isTemplate": false,
    "count": 0,
    "updated": 1540773831
  },
  {
    "id": "1d72aca3-a8d6-413b-b1e5-4d803a908c74",
    "data": [
      {
        "text": "When do you close?",
        "userDefined": false
      }
    ],
    "isTemplate": false,
    "count": 0,
    "updated": 1540773831
  },
  {
    "id": "6b068279-4e50-4541-a785-37c585c66d93",
    "data": [
      {
        "text": "How late are you open today?",
        "userDefined": false
      }
    ],
    "isTemplate": false,
    "count": 0,
    "updated": 1540773831
  },
  {
    "id": "3dfd4b89-5c07-436d-8275-15f3a8fea713",
    "data": [
      {
        "text": "When are you open?",
        "userDefined": false
      }
    ],
    "isTemplate": false,
    "count": 0,
    "updated": 1540773270
  }
]