[
  {
    "id": "e606786c-1f17-482f-8eac-564c025ab505",
    "data": [
      {
        "text": "who there?",
        "userDefined": false
      }
    ],
    "isTemplate": false,
    "count": 0,
    "updated": 1544418490
  },
  {
    "id": "d9a8ef70-a8a0-47fc-be2c-2d7cc4d10510",
    "data": [
      {
        "text": "knock knock? who there?",
        "userDefined": false
      }
    ],
    "isTemplate": false,
    "count": 0,
    "updated": 1544418490
  },
  {
    "id": "f0eb3f22-7e6c-44e3-9a5b-928067aa12b1",
    "data": [
      {
        "text": "are you ",
        "userDefined": false
      },
      {
        "text": "a",
        "meta": "@sys.ignore",
        "userDefined": false
      },
      {
        "text": " ",
        "userDefined": false
      },
      {
        "text": "robot",
        "alias": "vocabulary",
        "meta": "@vocabulary",
        "userDefined": true
      },
      {
        "text": "?",
        "userDefined": false
      }
    ],
    "isTemplate": false,
    "count": 0,
    "updated": 1543820291
  },
  {
    "id": "7b0bd405-a8f8-4916-b0b2-e8beaafcaa59",
    "data": [
      {
        "text": "My name is ",
        "userDefined": false
      },
      {
        "text": "Henry",
        "alias": "givenName",
        "meta": "@sys.given-name",
        "userDefined": false
      }
    ],
    "isTemplate": false,
    "count": 0,
    "updated": 1543485473
  },
  {
    "id": "e8c7b824-85c3-4649-b3f0-5a93a6c99543",
    "data": [
      {
        "text": "May I know your name?",
        "userDefined": false
      }
    ],
    "isTemplate": false,
    "count": 0,
    "updated": 1541272426
  },
  {
    "id": "f138d969-1d42-4f77-8761-79d36aa04b70",
    "data": [
      {
        "text": "What\u0027s your name please?",
        "userDefined": false
      }
    ],
    "isTemplate": false,
    "count": 0,
    "updated": 1541272426
  },
  {
    "id": "e22b8d7c-0ee1-4e8b-8f4d-7c47a086379b",
    "data": [
      {
        "text": "Are you ",
        "userDefined": false
      },
      {
        "text": "John",
        "alias": "givenName",
        "meta": "@sys.given-name",
        "userDefined": false
      },
      {
        "text": "?",
        "userDefined": false
      }
    ],
    "isTemplate": false,
    "count": 0,
    "updated": 1542687964
  },
  {
    "id": "1717f724-4c6f-4a73-8dfe-ae382dced3c5",
    "data": [
      {
        "text": "I\u0027m ",
        "userDefined": false
      },
      {
        "text": "Henry",
        "alias": "givenName",
        "meta": "@sys.given-name",
        "userDefined": false
      }
    ],
    "isTemplate": false,
    "count": 0,
    "updated": 1542687964
  },
  {
    "id": "fab963c5-afcb-4183-b1ac-03b2bb50b8a9",
    "data": [
      {
        "text": "I\u0027m ",
        "userDefined": false
      },
      {
        "text": "Henry",
        "alias": "givenName",
        "meta": "@sys.given-name",
        "userDefined": true
      },
      {
        "text": ". And you are?",
        "userDefined": false
      }
    ],
    "isTemplate": false,
    "count": 0,
    "updated": 1542687964
  },
  {
    "id": "71ddde66-5356-4a4a-9955-44567125f8ba",
    "data": [
      {
        "text": "What\u0027s your name?",
        "userDefined": false
      }
    ],
    "isTemplate": false,
    "count": 0,
    "updated": 1540853693
  },
  {
    "id": "8412ac9f-79a8-4dd7-b1f0-b1f13af43bbf",
    "data": [
      {
        "text": "What is your name?",
        "userDefined": false
      }
    ],
    "isTemplate": false,
    "count": 0,
    "updated": 1540853693
  },
  {
    "id": "d1474e50-9964-4bad-ba05-f93d02ed9bbb",
    "data": [
      {
        "text": "Who are you?",
        "userDefined": false
      }
    ],
    "isTemplate": false,
    "count": 0,
    "updated": 1540853693
  }
]