[
  {
    "id": "ac0c2d18-39b2-46fa-ab85-d147df947e11",
    "data": [
      {
        "text": "what is your menu?",
        "userDefined": false
      }
    ],
    "isTemplate": false,
    "count": 0,
    "updated": 1543456253
  },
  {
    "id": "4440363f-3b3c-4efb-8168-3f99428c3dfd",
    "data": [
      {
        "text": "what\u0027s your menu?",
        "userDefined": false
      }
    ],
    "isTemplate": false,
    "count": 0,
    "updated": 1543456253
  },
  {
    "id": "fbedad7b-e3c7-49de-aae6-1ce016dd244e",
    "data": [
      {
        "text": "menu please",
        "userDefined": false
      }
    ],
    "isTemplate": false,
    "count": 0,
    "updated": 1543310667
  },
  {
    "id": "9cb7f6b1-16e5-4fdd-ba2c-372924a6306a",
    "data": [
      {
        "text": "what do you have?",
        "userDefined": false
      }
    ],
    "isTemplate": false,
    "count": 0,
    "updated": 1542080717
  },
  {
    "id": "55768ce9-3c69-4ca4-a4ab-6759741ded7e",
    "data": [
      {
        "text": "show me the menu",
        "userDefined": false
      }
    ],
    "isTemplate": false,
    "count": 0,
    "updated": 1541042019
  },
  {
    "id": "309e9c26-22fd-42fd-a28f-0e34b3e0afd2",
    "data": [
      {
        "text": "menu",
        "userDefined": false
      }
    ],
    "isTemplate": false,
    "count": 0,
    "updated": 1540349266
  },
  {
    "id": "c366abba-bf83-436a-a99d-2299391a8094",
    "data": [
      {
        "text": "What do you offer?",
        "userDefined": false
      }
    ],
    "isTemplate": false,
    "count": 0,
    "updated": 1540349266
  },
  {
    "id": "84984d48-ac9c-44cd-a8e7-f3c5b0a759e6",
    "data": [
      {
        "text": "May I see the menu?",
        "userDefined": false
      }
    ],
    "isTemplate": false,
    "count": 0,
    "updated": 1540349266
  }
]