[
  {
    "id": "7e896aed-3adb-4a7b-b7fc-5d8d3f9a1be6",
    "data": [
      {
        "text": "who is ",
        "userDefined": false
      },
      {
        "text": "Barack Obama",
        "alias": "any",
        "meta": "@sys.any",
        "userDefined": true
      },
      {
        "text": "?",
        "userDefined": false
      }
    ],
    "isTemplate": false,
    "count": 0,
    "updated": 1544611897
  },
  {
    "id": "5d43c36e-b092-4b5e-a2aa-29859b1d6ae6",
    "data": [
      {
        "text": "may i know what is ",
        "userDefined": false
      },
      {
        "text": "anteater style",
        "alias": "any",
        "meta": "@sys.any",
        "userDefined": false
      },
      {
        "text": "?",
        "userDefined": false
      }
    ],
    "isTemplate": false,
    "count": 0,
    "updated": 1544602408
  },
  {
    "id": "6e71addd-9bf8-4801-a577-910c8a7333d7",
    "data": [
      {
        "text": "who is ",
        "userDefined": false
      },
      {
        "text": "Donald Trump",
        "alias": "vocabulary",
        "meta": "@vocabulary",
        "userDefined": true
      },
      {
        "text": "?",
        "userDefined": false
      }
    ],
    "isTemplate": false,
    "count": 0,
    "updated": 1543822321
  },
  {
    "id": "74db6a5d-fe5f-4d77-8162-5828b7e18d2b",
    "data": [
      {
        "text": "who is ",
        "userDefined": false
      },
      {
        "text": "Robo-waiter",
        "alias": "vocabulary",
        "meta": "@vocabulary",
        "userDefined": false
      },
      {
        "text": "?",
        "userDefined": false
      }
    ],
    "isTemplate": false,
    "count": 0,
    "updated": 1543785072
  },
  {
    "id": "f889d966-df3a-43db-8cb4-253506025a62",
    "data": [
      {
        "text": "animal style",
        "alias": "any",
        "meta": "@sys.any",
        "userDefined": false
      },
      {
        "text": " means?",
        "userDefined": false
      }
    ],
    "isTemplate": false,
    "count": 0,
    "updated": 1543740494
  },
  {
    "id": "512edd98-a37e-4436-abcc-74b9de51cf38",
    "data": [
      {
        "text": "what is ",
        "userDefined": false
      },
      {
        "text": "animal style",
        "alias": "any",
        "meta": "@sys.any",
        "userDefined": false
      },
      {
        "text": "?",
        "userDefined": false
      }
    ],
    "isTemplate": false,
    "count": 0,
    "updated": 1543740494
  },
  {
    "id": "eb3ec048-7cf0-4bc5-a28c-12cc4962ec2c",
    "data": [
      {
        "text": "What is ",
        "userDefined": false
      },
      {
        "text": "patty",
        "alias": "any",
        "meta": "@sys.any",
        "userDefined": true
      },
      {
        "text": "?",
        "userDefined": false
      }
    ],
    "isTemplate": false,
    "count": 0,
    "updated": 1540852804
  },
  {
    "id": "e3637da5-d2f0-47dd-b249-ba4f3065c52b",
    "data": [
      {
        "text": "What\u0027s ",
        "userDefined": false
      },
      {
        "text": "patty",
        "alias": "any",
        "meta": "@sys.any",
        "userDefined": true
      },
      {
        "text": "?",
        "userDefined": false
      }
    ],
    "isTemplate": false,
    "count": 0,
    "updated": 1540852738
  },
  {
    "id": "d4d9fa76-87df-4718-8422-835bc29f1716",
    "data": [
      {
        "text": "What does ",
        "userDefined": false
      },
      {
        "text": "patty",
        "alias": "any",
        "meta": "@sys.any",
        "userDefined": true
      },
      {
        "text": " mean?",
        "userDefined": false
      }
    ],
    "isTemplate": false,
    "count": 0,
    "updated": 1540852738
  }
]