[
  {
    "id": "7d9d3076-2c66-4096-8654-2a7fadcf09dd",
    "data": [
      {
        "text": "it should be ",
        "userDefined": false
      },
      {
        "text": "STEM fries",
        "alias": "allProduct",
        "meta": "@all-product",
        "userDefined": true
      }
    ],
    "isTemplate": false,
    "count": 0,
    "updated": 1544695297
  },
  {
    "id": "7ecb8074-b006-4d54-9a84-f063f7d3392f",
    "data": [
      {
        "text": "I want ",
        "userDefined": false
      },
      {
        "text": "cheeseburger",
        "alias": "allProduct",
        "meta": "@all-product",
        "userDefined": true
      },
      {
        "text": " instead",
        "userDefined": false
      }
    ],
    "isTemplate": false,
    "count": 0,
    "updated": 1544577037
  },
  {
    "id": "e681f66a-2157-4426-8f6c-2e80ce1abb49",
    "data": [
      {
        "text": "replace that with ",
        "userDefined": false
      },
      {
        "text": "iced tea",
        "alias": "allProduct",
        "meta": "@all-product",
        "userDefined": false
      }
    ],
    "isTemplate": false,
    "count": 0,
    "updated": 1544168001
  },
  {
    "id": "d9f8e421-a7d0-483a-919c-b187560a92e6",
    "data": [
      {
        "text": "Sorry it should be ",
        "userDefined": false
      },
      {
        "text": "more onions",
        "alias": "allOption",
        "meta": "@all-option",
        "userDefined": true
      },
      {
        "text": ", my bad",
        "userDefined": false
      }
    ],
    "isTemplate": false,
    "count": 0,
    "updated": 1544168001
  },
  {
    "id": "4563a9de-4365-43a9-9e86-ac3e5b309679",
    "data": [
      {
        "text": "could you change that to ",
        "userDefined": false
      },
      {
        "text": "cheeseburger",
        "alias": "allProduct",
        "meta": "@all-product",
        "userDefined": true
      },
      {
        "text": "?",
        "userDefined": false
      }
    ],
    "isTemplate": false,
    "count": 0,
    "updated": 1544168001
  },
  {
    "id": "9b99c323-fa08-435b-8e5d-58099950035d",
    "data": [
      {
        "text": "UCI style",
        "alias": "allProduct",
        "meta": "@all-product",
        "userDefined": true
      },
      {
        "text": " instead",
        "userDefined": false
      }
    ],
    "isTemplate": false,
    "count": 0,
    "updated": 1544695297
  },
  {
    "id": "89fe5879-e0f0-43d1-b9b5-d0be93b3b36e",
    "data": [
      {
        "text": "it should be ",
        "userDefined": false
      },
      {
        "text": "no onion",
        "alias": "allOption",
        "meta": "@all-option",
        "userDefined": false
      }
    ],
    "isTemplate": false,
    "count": 0,
    "updated": 1544168001
  },
  {
    "id": "423f03f6-f493-4180-8672-e14be51ae4e3",
    "data": [
      {
        "text": "sorry I want to change to ",
        "userDefined": false
      },
      {
        "text": "hamburger",
        "alias": "allProduct",
        "meta": "@all-product",
        "userDefined": false
      }
    ],
    "isTemplate": false,
    "count": 0,
    "updated": 1544168001
  },
  {
    "id": "eeb4779d-638a-4dd8-b4fb-81cb367d64e3",
    "data": [
      {
        "text": "Actually ",
        "userDefined": false
      },
      {
        "text": "more veggies",
        "alias": "allOption",
        "meta": "@all-option",
        "userDefined": false
      }
    ],
    "isTemplate": false,
    "count": 0,
    "updated": 1544168001
  }
]