[
  {
    "id": "92613a7c-8aba-4b0c-b2a3-335eb741cf9e",
    "data": [
      {
        "text": "amazing",
        "userDefined": false
      }
    ],
    "isTemplate": false,
    "count": 0,
    "updated": 1543790803
  },
  {
    "id": "fc3ee3bf-006d-484d-8b9e-153ee8ae8957",
    "data": [
      {
        "text": "beautiful",
        "userDefined": false
      }
    ],
    "isTemplate": false,
    "count": 0,
    "updated": 1543790803
  },
  {
    "id": "3393b7ba-641f-47e2-9b59-3818e96f9452",
    "data": [
      {
        "text": "you are so cute!",
        "userDefined": false
      }
    ],
    "isTemplate": false,
    "count": 0,
    "updated": 1543790803
  },
  {
    "id": "ad8c791e-5404-415c-851c-3f68a1b2e940",
    "data": [
      {
        "text": "impressive",
        "userDefined": false
      }
    ],
    "isTemplate": false,
    "count": 0,
    "updated": 1543703378
  },
  {
    "id": "ccdb30b7-5305-4884-93c2-d68fa9202b05",
    "data": [
      {
        "text": "excellent",
        "userDefined": false
      }
    ],
    "isTemplate": false,
    "count": 0,
    "updated": 1543703378
  },
  {
    "id": "02cc9d71-4336-42da-8864-68a18e8cd453",
    "data": [
      {
        "text": "fantastic",
        "userDefined": false
      }
    ],
    "isTemplate": false,
    "count": 0,
    "updated": 1543703378
  },
  {
    "id": "32404ad3-382b-4ee3-bd1a-6d7ff1908dce",
    "data": [
      {
        "text": "great",
        "userDefined": false
      }
    ],
    "isTemplate": false,
    "count": 0,
    "updated": 1543646895
  },
  {
    "id": "b6f0ff98-8517-428d-ba14-237c3e6b153f",
    "data": [
      {
        "text": "cool",
        "userDefined": false
      }
    ],
    "isTemplate": false,
    "count": 0,
    "updated": 1543646895
  },
  {
    "id": "784fcbd6-c6f8-46f2-bd79-ab2140782879",
    "data": [
      {
        "text": "awesome",
        "userDefined": false
      }
    ],
    "isTemplate": false,
    "count": 0,
    "updated": 1543646895
  },
  {
    "id": "c5b26213-c9fa-4d80-9be8-48cae0b33487",
    "data": [
      {
        "text": "good",
        "userDefined": false
      }
    ],
    "isTemplate": false,
    "count": 0,
    "updated": 1543646895
  },
  {
    "id": "0fff4392-b742-4426-a779-31bfcd1531e4",
    "data": [
      {
        "text": "you are good",
        "userDefined": false
      }
    ],
    "isTemplate": false,
    "count": 0,
    "updated": 1543393360
  },
  {
    "id": "d077c976-f392-45bc-ac0e-4677bb790f27",
    "data": [
      {
        "text": "good job",
        "userDefined": false
      }
    ],
    "isTemplate": false,
    "count": 0,
    "updated": 1543393360
  },
  {
    "id": "5a937c15-9990-4035-9541-3c4671e1ac5f",
    "data": [
      {
        "text": "you are awesome",
        "userDefined": false
      }
    ],
    "isTemplate": false,
    "count": 0,
    "updated": 1543393360
  }
]