[
  {
    "id": "4acacab6-1f09-49cb-9293-488946ce9971",
    "data": [
      {
        "text": "have ",
        "userDefined": false
      },
      {
        "text": "a",
        "meta": "@sys.ignore",
        "userDefined": false
      },
      {
        "text": " good night",
        "userDefined": false
      }
    ],
    "isTemplate": false,
    "count": 0,
    "updated": 1543703306
  },
  {
    "id": "f1c89477-d151-4332-9c16-fcf0ca15018a",
    "data": [
      {
        "text": "have ",
        "userDefined": false
      },
      {
        "text": "a",
        "meta": "@sys.ignore",
        "userDefined": false
      },
      {
        "text": " good ",
        "userDefined": false
      },
      {
        "text": "one",
        "meta": "@sys.ignore",
        "userDefined": false
      }
    ],
    "isTemplate": false,
    "count": 0,
    "updated": 1543703075
  },
  {
    "id": "8e172f46-0cd8-47ff-93e3-35dd41f9091f",
    "data": [
      {
        "text": "have ",
        "userDefined": false
      },
      {
        "text": "a",
        "meta": "@sys.ignore",
        "userDefined": false
      },
      {
        "text": " good day",
        "userDefined": false
      }
    ],
    "isTemplate": false,
    "count": 0,
    "updated": 1543703075
  }
]