[
  {
    "id": "c137d6b3-bf96-48f5-a7f0-b3d97e0e63a9",
    "data": [
      {
        "text": "i see",
        "userDefined": false
      }
    ],
    "isTemplate": false,
    "count": 0,
    "updated": 1544602617
  },
  {
    "id": "966b076f-981e-4bb0-b136-a3e702f5c3a2",
    "data": [
      {
        "text": "got u",
        "userDefined": false
      }
    ],
    "isTemplate": false,
    "count": 0,
    "updated": 1544602617
  },
  {
    "id": "c7320827-c972-4e75-a1c0-2a5ec5dccf6b",
    "data": [
      {
        "text": "got you",
        "userDefined": false
      }
    ],
    "isTemplate": false,
    "count": 0,
    "updated": 1544602617
  },
  {
    "id": "d7eca5f3-5cfe-4900-b0c0-e785ca5aef18",
    "data": [
      {
        "text": "okay",
        "userDefined": false
      }
    ],
    "isTemplate": false,
    "count": 0,
    "updated": 1544602617
  },
  {
    "id": "3ef0d5b2-6b4f-4bef-89f6-9dfb121ffafc",
    "data": [
      {
        "text": "ok",
        "userDefined": false
      }
    ],
    "isTemplate": false,
    "count": 0,
    "updated": 1544602617
  }
]