[
  {
    "id": "1b59d504-00b5-41e3-8e5e-c0a541a51e4e",
    "data": [
      {
        "text": "hey, what\u0027s up?",
        "userDefined": false
      }
    ],
    "isTemplate": false,
    "count": 0,
    "updated": 1543703502
  },
  {
    "id": "283d6ed5-ac63-496d-a9a8-56c346f806fc",
    "data": [
      {
        "text": "what are you up to?",
        "userDefined": false
      }
    ],
    "isTemplate": false,
    "count": 0,
    "updated": 1543482068
  },
  {
    "id": "1334aabc-71b6-4d99-9ac4-46f20b0cbb7d",
    "data": [
      {
        "text": "what have you been up to?",
        "userDefined": false
      }
    ],
    "isTemplate": false,
    "count": 0,
    "updated": 1543482068
  },
  {
    "id": "14c7b0ba-d6a2-4302-a4d3-e7b4b8469c66",
    "data": [
      {
        "text": "what\u0027s up?",
        "userDefined": false
      }
    ],
    "isTemplate": false,
    "count": 0,
    "updated": 1543482068
  },
  {
    "id": "8bf14f1e-1ce4-4926-9078-6b3c01ef95c0",
    "data": [
      {
        "text": "sup?",
        "userDefined": false
      }
    ],
    "isTemplate": false,
    "count": 0,
    "updated": 1543482068
  }
]